target_order	target_index	target_id	feature_id	protein_symbol	residue	canonical_label	evaluation_tier	mode	n_train_observed	mean	sd	min	max
0	0	RPS6_pSitePending	intra_B1126_RPS6Pho	RPS6	pending_antibody_clone	RPS6_pending_antibody_clone	main	zscore	121847	273.9067272891413	112.25562316304207	3.0	1593.0
1	1	STAT3_Y705	intra_B1073_anti-STAT3_Phospho_Tyr705	STAT3	Y705	STAT3_Y705	main	zscore	114398	11.631252294620536	7.67297870698002	0.0	900.0
2	2	MAPK14_pSitePending	intra_BHMIgG1003_phospho_p38_A16016A	MAPK14	pending_antibody_clone	MAPK14_pending_antibody_clone	main	zscore	121847	22.183467791574678	21.710706140393203	0.0	4117.0
3	3	AKT_pSitePending	p-Akt	AKT1;AKT2;AKT3	pending_antibody_clone	AKT1;AKT2;AKT3_pending_antibody_clone	dynamic	zscore	7449	31.971674050208083	14.832537367229099	1.0	195.0
4	4	BTK_pSitePending	p-Btk	BTK	pending_antibody_clone	BTK_pending_antibody_clone	dynamic	zscore	7449	2.115988723318566	1.7391971668597987	0.0	15.0
5	5	CREB1_S133_ATF1_S63	intra_phospho-CREB_pS133_ATF-1_pS63_J151-21	CREB1;ATF1	S133;S63	CREB1;ATF1_S133;S63	strict_site	zscore	114398	19.222477665693457	29.46126422313009	0.0	5683.0
6	6	FOS_S32	FOS_P01100_S32	FOS	S32	FOS_P01100_S32	strict_site	raw_no_train_reference	0	2.943925142288208	2.8574604988098145	0.0	40.0
7	7	HM0025_phospho_p44_42_197G2	intra-HM0025-phospho-p44-42-197G2	pending	pending	pending_pending_pending	pending_confirmation	zscore	114398	18.750930960331473	8.746066679987184	0.0	651.0
8	8	JUN_pSitePending	intra_BHM0010_phospho_c_Jun	JUN	pending_antibody_clone	JUN_pending_antibody_clone	pending_confirmation	zscore	114398	6.5428941065403246	5.823344058637891	0.0	710.0
9	9	LAT_Y226	intra_phospho-LAT_pY226_J96-1238.58.93	LAT	Y226	LAT_Y226	strict_site	zscore	114398	23.678674452350567	42.06042601606273	0.0	8360.0
10	10	LCP2_S376	intra_phospho-SLP-76_Ser376_E3G9U	LCP2	S376	LCP2_S376	strict_site	zscore	114398	56.3593244637144	28.758004305979643	0.0	845.0
11	11	MAP2K1_S298	intra_phospho-MEK1_pS298_J114-64	MAP2K1	S298	MAP2K1_S298	strict_site	zscore	114398	23.073794996416023	19.4029817057524	0.0	3458.0
12	12	MAPK14_pSitePending_D3F9	intra_BHM0007_phospho_p38_D3F9	MAPK14	pending_antibody_clone	MAPK14_pending_antibody_clone	pending_confirmation	zscore	114398	18.469571146348713	11.783118502817127	0.0	1254.0
13	13	MAPK1_MAPK3_T202_Y204	MAPK1_P28482_T202_Y204__MAPK3_P27361_T185_Y187	MAPK1;MAPK3	T202/Y204;T185/Y187	MAPK1_P28482_T202_Y204__MAPK3_P27361_T185_Y187	strict_site	raw_no_train_reference	0	5.043330669403076	3.089818000793457	0.0	31.0
14	14	MAPK1_MAPK3_pSitePending	p-Erk1/2	MAPK1;MAPK3	pending_antibody_clone	MAPK1;MAPK3_pending_antibody_clone	dynamic	zscore	7449	6.194925493354813	3.8392481788175674	0.0	32.0
15	15	PLCG2_Y759	p-PLC-y2Y759	PLCG2	Y759	PLCG2_Y759	strict_site	zscore	7449	2.700496710967915	2.141923992427543	0.0	15.0
16	16	PLCG2_pSitePending	p-PLC-y2	PLCG2	pending_antibody_clone	PLCG2_pending_antibody_clone	dynamic	zscore	7449	5.792321116928447	3.4603350632394427	0.0	57.0
17	17	RELA_S536	RELA_Q04206_S536	RELA	S536	RELA_Q04206_S536	strict_site	raw_no_train_reference	0	5.953466415405273	8.963613510131836	0.0	209.0
18	18	RELA_pSitePending_93H1	intra_BHM0008_phospho_p65_93H1	RELA	pending_antibody_clone	RELA_pending_antibody_clone	pending_confirmation	zscore	114398	19.597667791394954	15.374053777474355	0.0	813.0
19	21	STAT5A_STAT5B_Y694_Y699	intra-BHMIgG1017-pSTAT5-Y6947	STAT5A;STAT5B	Y694;Y699	STAT5A;STAT5B_P42229;P51692_Y694;Y699	strict_site	zscore	114398	33.78309061347226	36.58752425324832	0.0	6929.0
20	22	SYK_pSitePending	p-Syk	SYK	pending_antibody_clone	SYK_pending_antibody_clone	dynamic	zscore	7449	13.75822258021211	8.758231146531678	0.0	97.0
21	23	p-AMPK-a1/2	p-AMPK-a1/2	p-AMPK-a1/2	unknown	p-AMPK-a1/2	pending_confirmation	zscore	7449	8.063229963753525	4.215646635912057	0.0	40.0
22	24	p-AMPK-b1	p-AMPK-b1	p-AMPK-b1	unknown	p-AMPK-b1	pending_confirmation	zscore	7449	2.1502215062424486	1.8555320926427143	0.0	16.0
23	25	p-BLNK	p-BLNK	p-BLNK	unknown	p-BLNK	pending_confirmation	zscore	7449	1.0759833534702645	1.2117136166749658	0.0	14.0
24	26	p-CD79a	p-CD79a	p-CD79a	unknown	p-CD79a	pending_confirmation	zscore	7449	59.19076386092093	57.46627875831691	0.0	743.0
25	27	p-CDK1	p-CDK1	p-CDK1	unknown	p-CDK1	pending_confirmation	zscore	7449	4.6054503960263125	3.251349538862042	0.0	37.0
26	28	p-CDK4	p-CDK4	p-CDK4	unknown	p-CDK4	pending_confirmation	zscore	7449	0.7937978252114378	1.0144130774658608	0.0	19.0
27	30	p-HistonH2A.X	p-HistonH2A.X	p-HistonH2A.X	unknown	p-HistonH2A.X	pending_confirmation	zscore	7449	8.587192911800242	11.072077517382077	0.0	221.0
28	31	p-HistonH3	p-HistonH3	p-HistonH3	unknown	p-HistonH3	pending_confirmation	zscore	7449	0.6224996643844811	0.8847137158470009	0.0	6.0
29	32	p-IKKa/b	p-IKKa/b	p-IKKa/b	unknown	p-IKKa/b	pending_confirmation	zscore	7449	0.7724526782118405	0.968929812638104	0.0	8.0
30	33	p-IRAK4	p-IRAK4	p-IRAK4	unknown	p-IRAK4	pending_confirmation	zscore	7449	1.480198684387166	1.3850228401293017	0.0	13.0
31	34	p-JAK1	p-JAK1	p-JAK1	unknown	p-JAK1	pending_confirmation	zscore	7449	16.855014095851793	9.78262474880364	0.0	113.0
32	35	p-JNK	p-JNK	p-JNK	unknown	p-JNK	pending_confirmation	zscore	7449	2.295744395220835	1.8351103226432415	0.0	19.0
33	36	p-PKC-b1	p-PKC-b1	p-PKC-b1	unknown	p-PKC-b1	pending_confirmation	zscore	7449	0.9174385823600484	1.1241992557937712	0.0	15.0
34	37	p-Rb	intra_phophorylated_Rb	RB1	pending_antibody_clone	RB1_pending_antibody_clone	pending_confirmation	zscore	7449	1.9812055309437508	1.9452627993708735	0.0	27.0
35	40	p-STAT5	p-STAT5	p-STAT5	unknown	p-STAT5	pending_confirmation	zscore	7449	1.4737548664250235	1.4220290467490833	0.0	15.0
36	41	p-STAT6	p-STAT6	p-STAT6	unknown	p-STAT6	pending_confirmation	zscore	7449	2.025909518056115	1.7000153775577342	0.0	19.0
37	42	p-Src	p-Src	p-Src	unknown	p-Src	pending_confirmation	zscore	7449	23.42099610685998	13.413664687557729	0.0	125.0
38	43	p-TOR	p-TOR	p-TOR	unknown	p-TOR	pending_confirmation	zscore	7449	1.4444891931802926	1.417593473245171	0.0	12.0
39	44	p-c-Jun	p-c-Jun	p-c-Jun	unknown	p-c-Jun	pending_confirmation	zscore	7449	0.5199355618203786	0.7881599303811764	0.0	7.0
40	45	p-p65	p-p65	p-p65	unknown	p-p65	pending_confirmation	zscore	7449	6.431735803463552	3.8637962793460687	0.0	56.0
41	46	HISTONE_H3_S28	intra_B0042_HistoneH31PhoSer28	H3F3A;H3F3B	S28	H3F3A;H3F3B_S28	strict_site	raw_no_train_reference	0	3.0672543048858643	2.362098217010498	0.0	7.498869895935059
42	47	NFE2L2_S40	intra_BHM03_NRF2PhoS40	NFE2L2	S40	NFE2L2_S40	strict_site	raw_no_train_reference	0	5.45391845703125	0.6827502846717834	2.70805025100708	8.153924942016602
43	48	AKT_S473	intra_phospho-Akt_Ser473_D9E	AKT1;AKT2;AKT3	S473	AKT1;AKT2;AKT3_S473	strict_site	raw_no_train_reference	0	2.840944766998291	0.5550362467765808	0.0	6.306275367736816
44	49	EIF4EBP1_T37_T46	intra_phospho-4E-BP1_Thr37_46_236B4	EIF4EBP1	T37;T46	EIF4EBP1_T37;T46	strict_site	raw_no_train_reference	0	1.276702880859375	1.085558295249939	0.0	8.030409812927246
45	50	STAT6_Y641	intra_B1097_anti-STAT6_Phospho_Tyr641	STAT6	Y641	STAT6_Y641	strict_site	raw_no_train_reference	0	3.5217926502227783	0.572858989238739	1.3862943649291992	6.6618547439575195
46	51	ZAP70_Y493	intra_B1100_anti-ZAP70_Phospho_Tyr493	ZAP70	Y493	ZAP70_Y493	strict_site	raw_no_train_reference	0	1.7875615358352661	0.5603667497634888	0.0	5.666426658630371
47	52	LCK_Y505	intra_B1101_anti-Lck_Phospho_Tyr505	LCK	Y505	LCK_Y505	strict_site	raw_no_train_reference	0	2.3585479259490967	0.5334765315055847	0.0	5.533389568328857
48	53	STAT5A_Y694	intra_B1110_anti-STAT5A_Phospho_Tyr694	STAT5A	Y694	STAT5A_Y694	strict_site	raw_no_train_reference	0	2.046663761138916	0.5859454274177551	0.0	9.197457313537598
49	54	PLCG1_Y783	intra_PLCg1_Phospho_Tyr783	PLCG1	Y783	PLCG1_Y783	strict_site	raw_no_train_reference	0	2.4834530353546143	0.5059240460395813	0.0	5.46806001663208
50	55	CTNND1_T310	pP120_Catenin_T310	CTNND1	T310	CTNND1_T310	strict_site	raw_no_train_reference	0	0.730223536491394	0.37416037917137146	0.0	3.8661370277404785
51	56	PDPK1_S241	pPDPK1_S241	PDPK1	S241	PDPK1_S241	strict_site	raw_no_train_reference	0	0.39000070095062256	0.448845237493515	0.0	4.382692813873291
52	57	MAP2K4_S257	pMKK4_SEK1_S257	MAP2K4	S257	MAP2K4_S257	strict_site	raw_no_train_reference	0	0.0211015697568655	0.1449863463640213	0.0	2.8079299926757812
53	58	BTK_Y551	pBTK_Y551_1_v2	BTK	Y551	BTK_Y551	strict_site	raw_no_train_reference	0	0.2392396628856659	0.36478275060653687	0.0	2.9283740520477295
54	59	H2AFX_S139	pHistone_H2A.X_S139_3	H2AFX	S139	H2AFX_S139	strict_site	raw_no_train_reference	0	0.5101165771484375	0.5775104761123657	0.0	4.8971266746521
55	60	NDRG1_T346	pNDRG1_T346	NDRG1	T346	NDRG1_T346	strict_site	raw_no_train_reference	0	0.319650262594223	0.5109934210777283	0.0	5.304555892944336
