target_order	target_id	target_index	source_feature_id	protein_symbol	canonical_label	residue	candidate_parent_proteins	primary_parent_gene	parent_candidate_count	matched_cache_indices	matched_cache_names	n_matched_parent_proteins	mapping_level	manual_review_required	match_rule
0	RPS6_pSitePending	0	intra_B1126_RPS6Pho	RPS6	RPS6_pending_antibody_clone	pending_antibody_clone	RPS6	RPS6	1	13742	RPS6	1	parent_only_site_pending	False	protein_symbol_or_alias_to_predicted_total_protein
1	STAT3_Y705	1	intra_B1073_anti-STAT3_Phospho_Tyr705	STAT3	STAT3_Y705	Y705	STAT3	STAT3	1	15570	STAT3	1	parent_only_site_named	False	protein_symbol_or_alias_to_predicted_total_protein
2	MAPK14_pSitePending	2	intra_BHMIgG1003_phospho_p38_A16016A	MAPK14	MAPK14_pending_antibody_clone	pending_antibody_clone	MAPK14	MAPK14	1	8938	MAPK14	1	parent_only_site_pending	False	protein_symbol_or_alias_to_predicted_total_protein
3	AKT_pSitePending	3	p-Akt	AKT1;AKT2;AKT3	AKT1;AKT2;AKT3_pending_antibody_clone	pending_antibody_clone	AKT1;AKT2;AKT3	AKT1	3	525;527;528	AKT1;AKT2;AKT3	3	parent_only_site_pending	False	protein_symbol_or_alias_to_predicted_total_protein
4	BTK_pSitePending	4	p-Btk	BTK	BTK_pending_antibody_clone	pending_antibody_clone	BTK	BTK	1	1702	BTK	1	parent_only_site_pending	False	protein_symbol_or_alias_to_predicted_total_protein
5	CREB1_S133_ATF1_S63	5	intra_phospho-CREB_pS133_ATF-1_pS63_J151-21	CREB1;ATF1	CREB1;ATF1_S133;S63	S133;S63	ATF1;CREB1	ATF1	2	1174;3298	ATF1;CREB1	2	parent_only_site_named	False	protein_symbol_or_alias_to_predicted_total_protein
6	FOS_S32	6	FOS_P01100_S32	FOS	FOS_P01100_S32	S32	FOS	FOS	1	5496	FOS	1	parent_only_site_named	False	protein_symbol_or_alias_to_predicted_total_protein
7	HM0025_phospho_p44_42_197G2	7	intra-HM0025-phospho-p44-42-197G2	pending	pending_pending_pending	pending	MAPK1;MAPK3	MAPK1	2	8933;8941	MAPK1;MAPK3	2	parent_only	False	protein_symbol_or_alias_to_predicted_total_protein
8	JUN_pSitePending	8	intra_BHM0010_phospho_c_Jun	JUN	JUN_pending_antibody_clone	pending_antibody_clone	JUN	JUN	1	7632	JUN	1	parent_only_site_pending	False	protein_symbol_or_alias_to_predicted_total_protein
9	LAT_Y226	9	intra_phospho-LAT_pY226_J96-1238.58.93	LAT	LAT_Y226	Y226	LAT	LAT	1	8277	LAT	1	parent_only_site_named	False	protein_symbol_or_alias_to_predicted_total_protein
10	LCP2_S376	10	intra_phospho-SLP-76_Ser376_E3G9U	LCP2	LCP2_S376	S376	LCP2	LCP2	1	8328	LCP2	1	parent_only_site_named	False	protein_symbol_or_alias_to_predicted_total_protein
11	MAP2K1_S298	11	intra_phospho-MEK1_pS298_J114-64	MAP2K1	MAP2K1_S298	S298	MAP2K1	MAP2K1	1	8894	MAP2K1	1	parent_only_site_named	False	protein_symbol_or_alias_to_predicted_total_protein
12	MAPK14_pSitePending_D3F9	12	intra_BHM0007_phospho_p38_D3F9	MAPK14	MAPK14_pending_antibody_clone	pending_antibody_clone	MAPK14	MAPK14	1	8938	MAPK14	1	parent_only_site_pending	False	protein_symbol_or_alias_to_predicted_total_protein
13	MAPK1_MAPK3_T202_Y204	13	MAPK1_P28482_T202_Y204__MAPK3_P27361_T185_Y187	MAPK1;MAPK3	MAPK1_P28482_T202_Y204__MAPK3_P27361_T185_Y187	T202/Y204;T185/Y187	MAPK1;MAPK3	MAPK1	2	8933;8941	MAPK1;MAPK3	2	parent_only_site_named	False	protein_symbol_or_alias_to_predicted_total_protein
14	MAPK1_MAPK3_pSitePending	14	p-Erk1/2	MAPK1;MAPK3	MAPK1;MAPK3_pending_antibody_clone	pending_antibody_clone	MAPK1;MAPK3	MAPK1	2	8933;8941	MAPK1;MAPK3	2	parent_only_site_pending	False	protein_symbol_or_alias_to_predicted_total_protein
15	PLCG2_Y759	15	p-PLC-y2Y759	PLCG2	PLCG2_Y759	Y759	PLCG2	PLCG2	1	11963	PLCG2	1	parent_only_site_named	False	protein_symbol_or_alias_to_predicted_total_protein
16	PLCG2_pSitePending	16	p-PLC-y2	PLCG2	PLCG2_pending_antibody_clone	pending_antibody_clone	PLCG2	PLCG2	1	11963	PLCG2	1	parent_only_site_pending	False	protein_symbol_or_alias_to_predicted_total_protein
17	RELA_S536	17	RELA_Q04206_S536	RELA	RELA_Q04206_S536	S536	RELA	RELA	1	13277	RELA	1	parent_only_site_named	False	protein_symbol_or_alias_to_predicted_total_protein
18	RELA_pSitePending_93H1	18	intra_BHM0008_phospho_p65_93H1	RELA	RELA_pending_antibody_clone	pending_antibody_clone	RELA	RELA	1	13277	RELA	1	parent_only_site_pending	False	protein_symbol_or_alias_to_predicted_total_protein
19	STAT5A_STAT5B_Y694_Y699	21	intra-BHMIgG1017-pSTAT5-Y6947	STAT5A;STAT5B	STAT5A;STAT5B_P42229;P51692_Y694;Y699	Y694;Y699	STAT5A;STAT5B	STAT5A	2	15572;15573	STAT5A;STAT5B	2	parent_only_site_named	False	protein_symbol_or_alias_to_predicted_total_protein
20	SYK_pSitePending	22	p-Syk	SYK	SYK_pending_antibody_clone	pending_antibody_clone	SYK	SYK	1	15769	SYK	1	parent_only_site_pending	False	protein_symbol_or_alias_to_predicted_total_protein
21	p-AMPK-a1/2	23	p-AMPK-a1/2	p-AMPK-a1/2	p-AMPK-a1/2	unknown	PRKAA1;PRKAA2	PRKAA1	2	12482;12483	PRKAA1;PRKAA2	2	parent_only	False	protein_symbol_or_alias_to_predicted_total_protein
22	p-AMPK-b1	24	p-AMPK-b1	p-AMPK-b1	p-AMPK-b1	unknown	PRKAA1;PRKAA2;PRKAB1	PRKAA1	3	12482;12483;12484	PRKAA1;PRKAA2;PRKAB1	3	parent_only	False	protein_symbol_or_alias_to_predicted_total_protein
23	p-BLNK	25	p-BLNK	p-BLNK	p-BLNK	unknown	BLNK	BLNK	1	1556	BLNK	1	parent_only	False	protein_symbol_or_alias_to_predicted_total_protein
24	p-CD79a	26	p-CD79a	p-CD79a	p-CD79a	unknown	CD79A	CD79A	1	2329	CD79A	1	parent_only	False	protein_symbol_or_alias_to_predicted_total_protein
25	p-CDK1	27	p-CDK1	p-CDK1	p-CDK1	unknown	CDK1	CDK1	1	2423	CDK1	1	parent_only	False	protein_symbol_or_alias_to_predicted_total_protein
26	p-CDK4	28	p-CDK4	p-CDK4	p-CDK4	unknown	CDK4	CDK4	1	2440	CDK4	1	parent_only	False	protein_symbol_or_alias_to_predicted_total_protein
27	p-HistonH2A.X	30	p-HistonH2A.X	p-HistonH2A.X	p-HistonH2A.X	unknown	H2AX	H2AX	1	6529	H2AX	1	parent_only	False	protein_symbol_or_alias_to_predicted_total_protein
28	p-HistonH3	31	p-HistonH3	p-HistonH3	p-HistonH3	unknown	H3-3A;H3-3B;H3C1	H3-3A	3	6555;6556;6560	H3-3A;H3-3B;H3C1	3	parent_only	False	protein_symbol_or_alias_to_predicted_total_protein
29	p-IKKa/b	32	p-IKKa/b	p-IKKa/b	p-IKKa/b	unknown	CHUK;IKBKB	CHUK	2	2798;7255	CHUK;IKBKB	2	parent_only	False	protein_symbol_or_alias_to_predicted_total_protein
30	p-IRAK4	33	p-IRAK4	p-IRAK4	p-IRAK4	unknown	IRAK4	IRAK4	1	7478	IRAK4	1	parent_only	False	protein_symbol_or_alias_to_predicted_total_protein
31	p-JAK1	34	p-JAK1	p-JAK1	p-JAK1	unknown	JAK1	JAK1	1	7598	JAK1	1	parent_only	False	protein_symbol_or_alias_to_predicted_total_protein
32	p-JNK	35	p-JNK	p-JNK	p-JNK	unknown	MAPK8;MAPK9	MAPK8	2	8945;8949	MAPK8;MAPK9	2	parent_only	False	protein_symbol_or_alias_to_predicted_total_protein
33	p-PKC-b1	36	p-PKC-b1	p-PKC-b1	p-PKC-b1	unknown	PRKCB	PRKCB	1	12497	PRKCB	1	parent_only	False	protein_symbol_or_alias_to_predicted_total_protein
34	p-Rb	37	intra_phophorylated_Rb	RB1	RB1_pending_antibody_clone	pending_antibody_clone	RB1	RB1	1	13141	RB1	1	parent_only_site_pending	False	protein_symbol_or_alias_to_predicted_total_protein
35	p-STAT5	40	p-STAT5	p-STAT5	p-STAT5	unknown	STAT5A;STAT5B	STAT5A	2	15572;15573	STAT5A;STAT5B	2	parent_only	False	protein_symbol_or_alias_to_predicted_total_protein
36	p-STAT6	41	p-STAT6	p-STAT6	p-STAT6	unknown	STAT6	STAT6	1	15574	STAT6	1	parent_only	False	protein_symbol_or_alias_to_predicted_total_protein
37	p-Src	42	p-Src	p-Src	p-Src	unknown	FYN;LCK;LYN;SRC	FYN	4	5648;8312;8743;15423	FYN;LCK;LYN;SRC	4	parent_only	False	protein_symbol_or_alias_to_predicted_total_protein
38	p-TOR	43	p-TOR	p-TOR	p-TOR	unknown	MTOR	MTOR	1	9691	MTOR	1	parent_only	False	protein_symbol_or_alias_to_predicted_total_protein
39	p-c-Jun	44	p-c-Jun	p-c-Jun	p-c-Jun	unknown	JUN	JUN	1	7632	JUN	1	parent_only	False	protein_symbol_or_alias_to_predicted_total_protein
40	p-p65	45	p-p65	p-p65	p-p65	unknown	RELA	RELA	1	13277	RELA	1	parent_only	False	protein_symbol_or_alias_to_predicted_total_protein
41	HISTONE_H3_S28	46	intra_B0042_HistoneH31PhoSer28	H3F3A;H3F3B	H3F3A;H3F3B_S28	S28	H3-3A;H3-3B	H3-3A	2	6555;6556	H3-3A;H3-3B	2	parent_only_site_named	False	protein_symbol_or_alias_to_predicted_total_protein
42	NFE2L2_S40	47	intra_BHM03_NRF2PhoS40	NFE2L2	NFE2L2_S40	S40	NFE2L2	NFE2L2	1	10157	NFE2L2	1	parent_only_site_named	False	protein_symbol_or_alias_to_predicted_total_protein
43	AKT_S473	48	intra_phospho-Akt_Ser473_D9E	AKT1;AKT2;AKT3	AKT1;AKT2;AKT3_S473	S473	AKT1;AKT2;AKT3	AKT1	3	525;527;528	AKT1;AKT2;AKT3	3	parent_only_site_named	False	protein_symbol_or_alias_to_predicted_total_protein
44	EIF4EBP1_T37_T46	49	intra_phospho-4E-BP1_Thr37_46_236B4	EIF4EBP1	EIF4EBP1_T37;T46	T37;T46	EIF4EBP1	EIF4EBP1	1	4582	EIF4EBP1	1	parent_only_site_named	False	protein_symbol_or_alias_to_predicted_total_protein
45	STAT6_Y641	50	intra_B1097_anti-STAT6_Phospho_Tyr641	STAT6	STAT6_Y641	Y641	STAT6	STAT6	1	15574	STAT6	1	parent_only_site_named	False	protein_symbol_or_alias_to_predicted_total_protein
46	ZAP70_Y493	51	intra_B1100_anti-ZAP70_Phospho_Tyr493	ZAP70	ZAP70_Y493	Y493	ZAP70	ZAP70	1	18080	ZAP70	1	parent_only_site_named	False	protein_symbol_or_alias_to_predicted_total_protein
47	LCK_Y505	52	intra_B1101_anti-Lck_Phospho_Tyr505	LCK	LCK_Y505	Y505	LCK	LCK	1	8312	LCK	1	parent_only_site_named	False	protein_symbol_or_alias_to_predicted_total_protein
48	STAT5A_Y694	53	intra_B1110_anti-STAT5A_Phospho_Tyr694	STAT5A	STAT5A_Y694	Y694	STAT5A	STAT5A	1	15572	STAT5A	1	parent_only_site_named	False	protein_symbol_or_alias_to_predicted_total_protein
49	PLCG1_Y783	54	intra_PLCg1_Phospho_Tyr783	PLCG1	PLCG1_Y783	Y783	PLCG1	PLCG1	1	11962	PLCG1	1	parent_only_site_named	False	protein_symbol_or_alias_to_predicted_total_protein
50	CTNND1_T310	55	pP120_Catenin_T310	CTNND1	CTNND1_T310	T310	CTNND1	CTNND1	1	3497	CTNND1	1	parent_only_site_named	False	protein_symbol_or_alias_to_predicted_total_protein
51	PDPK1_S241	56	pPDPK1_S241	PDPK1	PDPK1_S241	S241	PDPK1	PDPK1	1	11589	PDPK1	1	parent_only_site_named	False	protein_symbol_or_alias_to_predicted_total_protein
52	MAP2K4_S257	57	pMKK4_SEK1_S257	MAP2K4	MAP2K4_S257	S257	MAP2K4	MAP2K4	1	8897	MAP2K4	1	parent_only_site_named	False	protein_symbol_or_alias_to_predicted_total_protein
53	BTK_Y551	58	pBTK_Y551_1_v2	BTK	BTK_Y551	Y551	BTK	BTK	1	1702	BTK	1	parent_only_site_named	False	protein_symbol_or_alias_to_predicted_total_protein
54	H2AFX_S139	59	pHistone_H2A.X_S139_3	H2AFX	H2AFX_S139	S139	H2AX	H2AX	1	6529	H2AX	1	parent_only_site_named	False	protein_symbol_or_alias_to_predicted_total_protein
55	NDRG1_T346	60	pNDRG1_T346	NDRG1	NDRG1_T346	T346	NDRG1	NDRG1	1	10025	NDRG1	1	parent_only_site_named	False	protein_symbol_or_alias_to_predicted_total_protein
