target_index	target_id	feature_id	protein_symbol	residue	canonical_label	evaluation_tier
0	RPS6_pSitePending	intra_B1126_RPS6Pho	RPS6	pending_antibody_clone	RPS6_pending_antibody_clone	main
1	STAT3_Y705	intra_B1073_anti-STAT3_Phospho_Tyr705	STAT3	Y705	STAT3_Y705	main
2	MAPK14_pSitePending	intra_BHMIgG1003_phospho_p38_A16016A	MAPK14	pending_antibody_clone	MAPK14_pending_antibody_clone	main
3	AKT_pSitePending	p-Akt	AKT1;AKT2;AKT3	pending_antibody_clone	AKT1;AKT2;AKT3_pending_antibody_clone	dynamic
4	BTK_pSitePending	p-Btk	BTK	pending_antibody_clone	BTK_pending_antibody_clone	dynamic
5	CREB1_S133_ATF1_S63	intra_phospho-CREB_pS133_ATF-1_pS63_J151-21	CREB1;ATF1	S133;S63	CREB1;ATF1_S133;S63	strict_site
6	FOS_S32	FOS_P01100_S32	FOS	S32	FOS_P01100_S32	strict_site
7	HM0025_phospho_p44_42_197G2	intra-HM0025-phospho-p44-42-197G2	pending	pending	pending_pending_pending	pending_confirmation
8	JUN_pSitePending	intra_BHM0010_phospho_c_Jun	JUN	pending_antibody_clone	JUN_pending_antibody_clone	pending_confirmation
9	LAT_Y226	intra_phospho-LAT_pY226_J96-1238.58.93	LAT	Y226	LAT_Y226	strict_site
10	LCP2_S376	intra_phospho-SLP-76_Ser376_E3G9U	LCP2	S376	LCP2_S376	strict_site
11	MAP2K1_S298	intra_phospho-MEK1_pS298_J114-64	MAP2K1	S298	MAP2K1_S298	strict_site
12	MAPK14_pSitePending_D3F9	intra_BHM0007_phospho_p38_D3F9	MAPK14	pending_antibody_clone	MAPK14_pending_antibody_clone	pending_confirmation
13	MAPK1_MAPK3_T202_Y204	MAPK1_P28482_T202_Y204__MAPK3_P27361_T185_Y187	MAPK1;MAPK3	T202/Y204;T185/Y187	MAPK1_P28482_T202_Y204__MAPK3_P27361_T185_Y187	strict_site
14	MAPK1_MAPK3_pSitePending	p-Erk1/2	MAPK1;MAPK3	pending_antibody_clone	MAPK1;MAPK3_pending_antibody_clone	dynamic
15	PLCG2_Y759	p-PLC-y2Y759	PLCG2	Y759	PLCG2_Y759	strict_site
16	PLCG2_pSitePending	p-PLC-y2	PLCG2	pending_antibody_clone	PLCG2_pending_antibody_clone	dynamic
17	RELA_S536	RELA_Q04206_S536	RELA	S536	RELA_Q04206_S536	strict_site
18	RELA_pSitePending_93H1	intra_BHM0008_phospho_p65_93H1	RELA	pending_antibody_clone	RELA_pending_antibody_clone	pending_confirmation
21	STAT5A_STAT5B_Y694_Y699	intra-BHMIgG1017-pSTAT5-Y6947	STAT5A;STAT5B	Y694;Y699	STAT5A;STAT5B_P42229;P51692_Y694;Y699	strict_site
22	SYK_pSitePending	p-Syk	SYK	pending_antibody_clone	SYK_pending_antibody_clone	dynamic
23	p-AMPK-a1/2	p-AMPK-a1/2	p-AMPK-a1/2	unknown	p-AMPK-a1/2	pending_confirmation
24	p-AMPK-b1	p-AMPK-b1	p-AMPK-b1	unknown	p-AMPK-b1	pending_confirmation
25	p-BLNK	p-BLNK	p-BLNK	unknown	p-BLNK	pending_confirmation
26	p-CD79a	p-CD79a	p-CD79a	unknown	p-CD79a	pending_confirmation
27	p-CDK1	p-CDK1	p-CDK1	unknown	p-CDK1	pending_confirmation
28	p-CDK4	p-CDK4	p-CDK4	unknown	p-CDK4	pending_confirmation
30	p-HistonH2A.X	p-HistonH2A.X	p-HistonH2A.X	unknown	p-HistonH2A.X	pending_confirmation
31	p-HistonH3	p-HistonH3	p-HistonH3	unknown	p-HistonH3	pending_confirmation
32	p-IKKa/b	p-IKKa/b	p-IKKa/b	unknown	p-IKKa/b	pending_confirmation
33	p-IRAK4	p-IRAK4	p-IRAK4	unknown	p-IRAK4	pending_confirmation
34	p-JAK1	p-JAK1	p-JAK1	unknown	p-JAK1	pending_confirmation
35	p-JNK	p-JNK	p-JNK	unknown	p-JNK	pending_confirmation
36	p-PKC-b1	p-PKC-b1	p-PKC-b1	unknown	p-PKC-b1	pending_confirmation
37	p-Rb	intra_phophorylated_Rb	RB1	pending_antibody_clone	RB1_pending_antibody_clone	pending_confirmation
40	p-STAT5	p-STAT5	p-STAT5	unknown	p-STAT5	pending_confirmation
41	p-STAT6	p-STAT6	p-STAT6	unknown	p-STAT6	pending_confirmation
42	p-Src	p-Src	p-Src	unknown	p-Src	pending_confirmation
43	p-TOR	p-TOR	p-TOR	unknown	p-TOR	pending_confirmation
44	p-c-Jun	p-c-Jun	p-c-Jun	unknown	p-c-Jun	pending_confirmation
45	p-p65	p-p65	p-p65	unknown	p-p65	pending_confirmation
46	HISTONE_H3_S28	intra_B0042_HistoneH31PhoSer28	H3F3A;H3F3B	S28	H3F3A;H3F3B_S28	strict_site
47	NFE2L2_S40	intra_BHM03_NRF2PhoS40	NFE2L2	S40	NFE2L2_S40	strict_site
48	AKT_S473	intra_phospho-Akt_Ser473_D9E	AKT1;AKT2;AKT3	S473	AKT1;AKT2;AKT3_S473	strict_site
49	EIF4EBP1_T37_T46	intra_phospho-4E-BP1_Thr37_46_236B4	EIF4EBP1	T37;T46	EIF4EBP1_T37;T46	strict_site
50	STAT6_Y641	intra_B1097_anti-STAT6_Phospho_Tyr641	STAT6	Y641	STAT6_Y641	strict_site
51	ZAP70_Y493	intra_B1100_anti-ZAP70_Phospho_Tyr493	ZAP70	Y493	ZAP70_Y493	strict_site
52	LCK_Y505	intra_B1101_anti-Lck_Phospho_Tyr505	LCK	Y505	LCK_Y505	strict_site
53	STAT5A_Y694	intra_B1110_anti-STAT5A_Phospho_Tyr694	STAT5A	Y694	STAT5A_Y694	strict_site
54	PLCG1_Y783	intra_PLCg1_Phospho_Tyr783	PLCG1	Y783	PLCG1_Y783	strict_site
55	CTNND1_T310	pP120_Catenin_T310	CTNND1	T310	CTNND1_T310	strict_site
56	PDPK1_S241	pPDPK1_S241	PDPK1	S241	PDPK1_S241	strict_site
57	MAP2K4_S257	pMKK4_SEK1_S257	MAP2K4	S257	MAP2K4_S257	strict_site
58	BTK_Y551	pBTK_Y551_1_v2	BTK	Y551	BTK_Y551	strict_site
59	H2AFX_S139	pHistone_H2A.X_S139_3	H2AFX	S139	H2AFX_S139	strict_site
60	NDRG1_T346	pNDRG1_T346	NDRG1	T346	NDRG1_T346	strict_site
