mode	perturbation	target_genes	n	all_cosine	all_spearman	all_direction	responsive20_cosine	responsive20_spearman	responsive20_direction	topk_recall	topk_direction	response_auroc_abs_pred	pred_abs	real_abs	responsive20_pred_abs	bottom50_pred_abs	graph_abs	latent_abs	residual_abs	attention_mean
shuffled	Bortezomib	ABL1;SRC;LYN;HCK	7	0.46106059077594963	0.4612261346757046	0.6962483493680437	0.5348381357533591	0.5406139788224199	0.7525510204081632	0.5195578231292517	0.8571428571428571	0.7164540816326531	0.049579061567783356	0.9049756356648037	0.0802680573293141	0.03621983900666237	0.0002834728636246707	0.025669448875955174	0.024119756583656584	0.0006112769541297374
shuffled	Bosutinib	EGFR	7	0.5248018077441624	0.4909065351619084	0.6483764855687605	0.7775303040231977	0.7807287865817962	0.9030612244897959	0.41241496598639454	1.0	0.6462953514739229	0.04753629064985684	0.5881333947181702	0.07330813524978501	0.037383259407111576	1.5802704378334704e-05	0.03280342556536198	0.016729880390422686	4.351285990976196e-05
shuffled	Carfilzomib	ABL1;SRC;LYN;HCK	7	0.46638596643294605	0.38783943274682287	0.6583606192901609	0.6376097170369965	0.6690474927872389	0.7678571428571429	0.43197278911564624	0.9642857142857143	0.6903486394557824	0.049579061567783356	0.9595299107687814	0.0779717383640153	0.03983305873615401	0.0002834728636246707	0.025669448875955174	0.024119756583656584	0.0006112769541297374
shuffled	Dasatinib	EGFR;ERBB2	6	0.49655209730068844	0.518932634347626	0.705294598503427	0.643919105331103	0.6497499766665434	0.7430555555555555	0.3363095238095238	0.95	0.6293981481481482	0.0693693074087302	0.709710568189621	0.0957606000204881	0.055416704465945564	3.574083211788093e-05	0.03578030876815319	0.03396057616919279	9.550367758492939e-05
shuffled	Erlotinib	MAP2K1;MAP2K2	7	0.6168746139322009	0.6839380788303099	0.7481297329344868	0.789768363748278	0.747882372771704	0.9387755102040816	0.5790816326530612	1.0	0.7997250566893425	0.04348936304450035	0.6454836215291705	0.08759273162909917	0.028781704072441374	7.501232487681721e-05	0.02595130673476628	0.021090575626918247	0.0001422280324082489
shuffled	Gefitinib	MAP2K1;MAP2K2	7	0.5495714630399432	0.6810891525132189	0.7175568289002074	0.8776017768042428	0.7402399051113978	0.9438775510204083	0.5204081632653061	1.0	0.7697363945578231	0.04359567378248487	0.6404468374592918	0.07190158377800669	0.03678984035338674	7.50339181000267e-05	0.02599082567862102	0.021166594699025154	0.00014230773480708843
shuffled	Imatinib	CREBBP;EP300	7	0.5689847384180341	0.5743994933810769	0.7216042458296279	0.7596678563526699	0.6699840302354827	0.9005102040816327	0.43792517006802717	0.9523809523809523	0.7311366213151927	0.07893636769482068	0.5799754985741207	0.12424119561910629	0.06062941040311541	5.84928784519434e-05	0.039650987035461834	0.039402205497026443	0.00014478398640806387
shuffled	Lapatinib	PIK3CA;PIK3CB;MTOR	7	0.6537037576947894	0.6588114333470477	0.7596233527366804	0.7624647745064327	0.7802336473843049	0.8826530612244898	0.5229591836734694	0.9238095238095239	0.784016439909297	0.06175633732761655	0.6712903039796012	0.10384280234575272	0.0416665572140898	9.663171191017941e-05	0.030230162665247917	0.03167911299637386	0.0002476113981434277
shuffled	Nilotinib	CREBBP;EP300	7	0.46296002183641705	0.5009875630818673	0.7124581095938332	0.5476292627198356	0.6438296256118113	0.7625231910946197	0.35756029684601115	0.8333333333333334	0.605900856122531	0.07876866736582347	0.5647798095430646	0.09753260974373136	0.068205184170178	2.4249882959078866e-05	0.03948530900691237	0.039395326748490334	7.285860088554077e-05
shuffled	Ponatinib	ABL1;SRC;LYN;LCK;HCK;KIT;PDGFRB;YES1	7	0.4579589106142521	0.36633416764616733	0.6176543509310912	0.6675382235220501	0.6210383568547213	0.7857142857142857	0.369047619047619	1.0	0.6785714285714286	0.04761459252664021	0.6152817904949188	0.06580450971211706	0.042095852217503955	0.0002767533546180597	0.024531707699809755	0.02329576334783009	0.0006000766505686832
shuffled	Selumetinib	ABL1;KIT	7	0.3642117402383259	0.4206227816863703	0.67138671125688	0.521581221105797	0.44789152995462106	0.8082096474953618	0.34939703153988866	0.8928571428571429	0.647185687875343	0.04448351051126208	0.6689348305974688	0.05862409142511232	0.035413382574915886	0.00012704514145817875	0.022485718663249697	0.02228333960686411	0.00033330794290772507
shuffled	Trametinib	ABL1;KIT	7	0.5516716241836548	0.536728124925043	0.6663094227504244	0.7044693572180611	0.6798886598020221	0.852891156462585	0.5110544217687075	1.0	0.7343962585034013	0.0471898370555469	0.7906239543642316	0.07414330595305987	0.03488811318363462	0.0002827432794479786	0.024106583691069057	0.023202486070139066	0.0006125637633626216
shuffled	Vorinostat	PSMB5	6	0.4187698910633723	0.5438140210296387	0.5578784270263473	0.47639090816179913	0.600484819190305	0.6547619047619048	0.4444444444444444	0.875	0.6294113756613756	3.573242869000145e-05	0.5478563159704208	0.0001273032956608707	1.0146812807458142e-05	3.573242869000145e-05	0.0	0.0	7.482844800203263e-05
shuffled	curcumin	HDAC1;HDAC2;HDAC3;HDAC6	7	0.6185313654797417	0.6067329945399936	0.7149884998722208	0.7521677400384631	0.5633947417086625	0.8527777777777777	0.45476190476190476	1.0	0.7389177799020005	0.04656330921820232	0.5305238110678536	0.07144225229110036	0.034509988501667976	6.922307407616504e-05	0.01999088390065091	0.027618689196450368	0.00016403048877171905
shuffled	dactolisib	ABL1;KIT;PDGFRB	7	0.6391058691910335	0.6668644795207092	0.7707792473037655	0.787936406476157	0.5928543186912237	0.9344619666048237	0.3399814471243042	1.0	0.6243694769926297	0.04322826809116772	0.8971370032855442	0.055893431550690105	0.0360981287168605	0.00011675352756615862	0.021759985280888423	0.021844923230154172	0.0003084585228602269
shuffled	vorinostat	PSMB5	22	0.48274022645571013	0.6052885503402581	0.5751888892276812	0.5921801599589261	0.7096254109329572	0.7107552800734619	0.3781024531024531	1.0	0.6121957454046377	2.949340560834654e-05	0.7049070163206621	8.539422360213807e-05	1.1611327677614595e-05	2.949340560834654e-05	0.0	0.0	7.171089311503403e-05
true	Bortezomib	PSMB5	7	0.43024447028126034	0.5216494877723613	0.553506582316005	0.4877741592270987	0.5306830716230774	0.782312925170068	0.5051020408163265	0.9047619047619048	0.7147562358276645	4.4032900794783405e-05	0.9049756356648037	0.0001362335177483536	9.705956927064108e-06	4.4032900794783405e-05	0.0	0.0	9.865115602484107e-05
true	Bosutinib	ABL1;SRC;LYN;HCK	7	0.7339738181659153	0.6632897534271008	0.737417973697685	0.8942722763334002	0.8031203438094886	0.9413265306122449	0.5034013605442177	1.0	0.7786848072562359	0.049579061567783356	0.5881333947181702	0.08884705549904279	0.032572827701057704	0.0002834728636246707	0.025669448875955174	0.024119756583656584	0.0006112769541297374
true	Carfilzomib	PSMB5	7	0.3754851262284709	0.4881301510987771	0.5447002923976608	0.4620899132319859	0.7077641146513464	0.8035714285714286	0.4328231292517007	0.8571428571428571	0.5968990929705216	4.4032900794783405e-05	0.9595299107687814	0.0001393346885509215	1.8090293646569728e-05	4.4032900794783405e-05	0.0	0.0	9.865115602484107e-05
true	Dasatinib	ABL1;SRC;LYN;LCK;HCK;KIT;PDGFRB;YES1	6	0.6232376719514529	0.6354682739396923	0.7174259573665346	0.7858166098594666	0.6574623937561885	0.8313492063492064	0.40873015873015867	1.0	0.688938492063492	0.0459597185254097	0.709710568189621	0.06881978673239549	0.03560523937145869	0.0002349525069197019	0.02356943270812432	0.022639259075125057	0.00047362843179143965
true	Erlotinib	EGFR	7	0.5835645411695752	0.5890989342343426	0.7067136928342361	0.7694465007100787	0.7340164896596335	0.8826530612244897	0.4583333333333333	1.0	0.7305498866213151	0.04753629064985684	0.6454836215291705	0.07696630592857089	0.03712817760450499	1.5802704378334704e-05	0.03280342556536198	0.016729880390422686	4.351285990976196e-05
true	Gefitinib	EGFR	7	0.5640338318688529	0.5785044880730458	0.6497903023688253	0.823591308934348	0.7245601964539627	0.8673469387755102	0.42346938775510207	1.0	0.6709977324263038	0.047631438821554184	0.6404468374592918	0.07245264894195966	0.04253625337566648	1.581201117265404e-05	0.03285157174936363	0.016787448631865636	4.3550454003187565e-05
true	Imatinib	ABL1;KIT;PDGFRB	7	0.6991648972034454	0.6247823782498634	0.7394174279785485	0.851817956992558	0.806794704860084	0.9005102040816327	0.5612244897959183	1.0	0.7980980725623583	0.04597170438085284	0.5799754985741207	0.08307227173021861	0.03328552043863705	0.0002618337504307939	0.023396900588912622	0.022760549560189247	0.0005696133968220758
true	Lapatinib	EGFR;ERBB2	7	0.6288108485085624	0.6382315769455349	0.7491714838170696	0.759955325296947	0.7917507106565281	0.9030612244897959	0.4583333333333333	0.9238095238095239	0.7742857142857142	0.07225592540843147	0.6712903039796012	0.11794682698590415	0.04993562985743795	4.843179171335318e-05	0.037439853485141485	0.03516899288765022	0.0001268289893882216
true	Nilotinib	ABL1;KIT;PDGFRB	7	0.6076187363692692	0.5636626842215435	0.7108476373951256	0.7202970598425184	0.6831350791153241	0.7890538033395177	0.4211038961038961	1.0	0.6670122816428236	0.04322826809116772	0.5647798095430646	0.06137853967291968	0.032340491456644874	0.00011675352756615862	0.021759985280888423	0.021844923230154172	0.0003084585228602269
true	Ponatinib	ABL1;KIT	7	0.459401864026274	0.36856229368576104	0.6182943918937127	0.6682136846440179	0.6210383568547213	0.8061224489795917	0.369047619047619	1.0	0.675515873015873	0.0471898370555469	0.6152817904949188	0.06528423673340253	0.04172397617782865	0.0002827432794479786	0.024106583691069057	0.023202486070139066	0.0006125637633626216
true	Selumetinib	MAP2K1;MAP2K2	7	0.2675680198839733	0.375546869137158	0.6333153384746314	0.4868647072996412	0.44964365099977194	0.7809369202226345	0.3243970315398887	0.9027777777777778	0.5764300846936316	0.038478514445679526	0.6689348305974688	0.04512615209179265	0.03561854495533875	4.126998516897272e-05	0.02213905139693192	0.019856293818780353	8.334560126448716e-05
true	Trametinib	MAP2K1;MAP2K2	7	0.4720535342182432	0.4852793953832738	0.6538990284851914	0.6745807826519012	0.6275281978648354	0.852891156462585	0.5297619047619048	1.0	0.7370068027210884	0.04348936304450035	0.7906239543642316	0.07895719206758908	0.031215843611529896	7.501232487681721e-05	0.02595130673476628	0.021090575626918247	0.0001422280324082489
true	Vorinostat	HDAC1;HDAC2;HDAC3;HDAC6	6	0.4733892207344373	0.4745712370306947	0.6777009447902911	0.6062662402788798	0.5916909197590405	0.8154761904761904	0.5059523809523809	0.9027777777777777	0.7668022486772487	0.042716217537721	0.5478563159704208	0.07184760520855586	0.03249810542911291	9.983714153349865e-05	0.018333851515005033	0.025244080151120823	0.00020423184832907282
true	curcumin	CREBBP;EP300	7	0.4946146820272718	0.5253077801018116	0.7160213817190562	0.6906908750534058	0.5383018729728183	0.8507936507936508	0.4440476190476191	0.9047619047619048	0.7692696886338011	0.08238356347594943	0.5305238110678536	0.12268878945282527	0.06710754760674068	3.392417303465274e-05	0.041053165814706256	0.041450233331748416	9.118127387150057e-05
true	dactolisib	PIK3CA;PIK3CB;MTOR	7	0.542284620659692	0.6042408283627997	0.7561608832117171	0.7480351328849792	0.5694265626048897	0.8711966604823748	0.28515769944341374	0.9523809523809523	0.5903047445165672	0.061310904898813794	0.8971370032855442	0.06883406213351659	0.05794834345579147	3.8847083487780765e-05	0.029994456097483635	0.03151058645120689	0.00012466455102964704
true	vorinostat	HDAC1;HDAC2;HDAC3;HDAC6	22	0.6022842296145179	0.5696741908108485	0.7038049702302632	0.7715607434511185	0.6869308367042252	0.9112718089990818	0.42745966155057064	1.0	0.6760035368142758	0.04824131473221562	0.7049070163206621	0.07502532708035274	0.03663638725199483	8.125228636014403e-05	0.020756581247868864	0.028380570255897263	0.00019370498557691462
zero	Bortezomib		7	0.43024447028126034	0.5216494877723613	0.553506582316005	0.4877741592270987	0.5306830716230774	0.782312925170068	0.5051020408163265	0.9047619047619048	0.7147562358276645	4.4032900794783405e-05	0.9049756356648037	0.0001362335177483536	9.705956927064108e-06	4.4032900794783405e-05	0.0	0.0	9.865115602484107e-05
zero	Bosutinib		7	0.6031161248683929	0.7084489629598328	0.6222060527663243	0.6864943334034511	0.8770683873876709	0.7746598639455782	0.5850340136054422	1.0	0.7010856009070295	4.4032900794783405e-05	0.5881333947181702	0.00017025525500814962	6.345194768592981e-06	4.4032900794783405e-05	0.0	0.0	9.865115602484107e-05
zero	Carfilzomib		7	0.3754851262284709	0.4881301510987771	0.5447002923976608	0.4620899132319859	0.7077641146513464	0.8035714285714286	0.4328231292517007	0.8571428571428571	0.5968990929705216	4.4032900794783405e-05	0.9595299107687814	0.0001393346885509215	1.8090293646569728e-05	4.4032900794783405e-05	0.0	0.0	9.865115602484107e-05
zero	Dasatinib		6	0.47724739213784534	0.6142282654165901	0.6257168458781363	0.5665094157059988	0.6985173878081924	0.7251984126984127	0.45039682539682535	1.0	0.6008928571428571	3.575490882212762e-05	0.709710568189621	0.00012738023572940924	8.613031620067583e-06	3.575490882212762e-05	0.0	0.0	7.491294733578495e-05
zero	Erlotinib		7	0.6214018166065216	0.759112520612857	0.64493778128116	0.6855233609676361	0.8005728180437764	0.7831632653061223	0.5238095238095238	1.0	0.7198724489795918	4.4032900794783405e-05	0.6454836215291705	0.00016895749013201566	6.6206855210891395e-06	4.4032900794783405e-05	0.0	0.0	9.865115602484107e-05
zero	Gefitinib		7	0.5832933102335248	0.7357998510309212	0.584023566981971	0.6894909313746861	0.7536648552989176	0.782312925170068	0.552721088435374	1.0	0.7078571428571429	4.4052169479462986e-05	0.6404468374592918	0.0001669853888545601	6.699426908848441e-06	4.4052169479462986e-05	0.0	0.0	9.872358402520019e-05
zero	Imatinib		7	0.5706261055810111	0.7179887235717597	0.5868382313310158	0.6566104974065509	0.8628529423315783	0.7627551020408163	0.5442176870748299	1.0	0.7003968253968254	4.4032900794783405e-05	0.5799754985741207	0.00016469864385726396	8.318244324202948e-06	4.4032900794783405e-05	0.0	0.0	9.865115602484107e-05
zero	Lapatinib		7	0.45893712980406626	0.701995978292553	0.6338276807610423	0.4798208028078079	0.7378880721989088	0.8035714285714286	0.5561224489795918	0.9642857142857143	0.6817658730158731	4.4052169479462986e-05	0.6712903039796012	0.0001691655030039588	6.6202102451435555e-06	4.4052169479462986e-05	0.0	0.0	9.872358402520019e-05
zero	Nilotinib		7	0.42438800420079914	0.6244032377364955	0.5139687536891172	0.5522579891341073	0.6769748377930389	0.6197124304267162	0.4044990723562152	1.0	0.6046910068584944	1.7956666072547834e-05	0.5647798095430646	4.507564166747865e-05	7.6251288711708705e-06	1.7956666072547834e-05	0.0	0.0	4.781293656768477e-05
zero	Ponatinib		7	0.3269840659839766	0.4033526499456731	0.563516822971407	0.34919250650065287	0.633479675966685	0.49319727891156456	0.348639455782313	0.8333333333333334	0.5599007936507937	4.4032900794783405e-05	0.6152817904949188	0.00014648457382853458	1.5658212825136225e-05	4.4032900794783405e-05	0.0	0.0	9.865115602484107e-05
zero	Selumetinib		7	0.288212080885257	0.42085846725892473	0.5456810578212755	0.3326166293450764	0.41922224329258556	0.7130797773654917	0.38636363636363635	0.880952380952381	0.6231123638266496	1.7956666072547834e-05	0.6689348305974688	4.221943579198394e-05	1.0879650095115981e-05	1.7956666072547834e-05	0.0	0.0	4.781293656768477e-05
zero	Trametinib		7	0.4294248899178846	0.593097662994257	0.5706170668607001	0.6886101365089417	0.645183763889884	0.7763605442176871	0.5051020408163265	1.0	0.7312216553287981	4.4032900794783405e-05	0.7906239543642316	0.00010180841776933189	2.6942298388478646e-05	4.4032900794783405e-05	0.0	0.0	9.865115602484107e-05
zero	Vorinostat		6	0.4187698910633723	0.5438140210296387	0.5578784270263473	0.47639090816179913	0.600484819190305	0.6547619047619048	0.4444444444444444	0.875	0.6294113756613756	3.573242869000145e-05	0.5478563159704208	0.0001273032956608707	1.0146812807458142e-05	3.573242869000145e-05	0.0	0.0	7.482844800203263e-05
zero	curcumin		7	0.5119284817150661	0.6534476677431716	0.5865686316267712	0.566324919462204	0.647142874396062	0.7242063492063492	0.3904761904761905	1.0	0.6272117548207738	2.5027909681999256e-05	0.5305238110678536	6.220322341375452e-05	9.678650258138077e-06	2.5027909681999256e-05	0.0	0.0	6.038240098860115e-05
zero	dactolisib		7	0.40548229004655567	0.6633457080720151	0.5352037198956204	0.4819715938397816	0.4900127253214343	0.5889146567717997	0.36243042671614095	1.0	0.5482363039259591	1.7956666072547834e-05	0.8971370032855442	4.343259761948762e-05	8.880621343061129e-06	1.7956666072547834e-05	0.0	0.0	4.781293656768477e-05
zero	vorinostat		22	0.48274022645571013	0.6052885503402581	0.5751888892276812	0.5921801599589261	0.7096254109329572	0.7107552800734619	0.3781024531024531	1.0	0.6121957454046377	2.949340560834654e-05	0.7049070163206621	8.539422360213807e-05	1.1611327677614595e-05	2.949340560834654e-05	0.0	0.0	7.171089311503403e-05
