p100_target_index	canonical_id
8	ABI1|S183
38	AHNAK|S3426
61	ALS2|S483
43	ATAD2|S327
53	ATXN2L|S339
46	CASC3|S265
48	CCNYL1|S344
55	DPF2|S142
35	FASN|S207
28	FOSL2|S200
74	GPATCH8|S1035
57	KHSRP|S480
24	KIF4A|S801
72	LIMA1|S362
73	LIMA1|S491
21	MAP3K7|S439
4	NCOR2|S956
49	NFATC2IP|S204
89	NOC2L|S56
44	NUFIP2|S652
6	OCIAD1|S108
7	PDPK1|S241
18	PFKP|S386
62	PPP1R10|S313
45	RBBP6|S1179
60	RBM14|S618
11	RBM17|S222
50	RNF169|S403
30	RPL12|S38
40	RPS6KA1|S230
1	RPS6KA3|S369
81	SLC38A1|S52
56	SMARCC1|S310
88	SRRM1|S402
75	SRRM2|S353
87	SRRM2|T1492
70	TERF2IP|S203
77	THRAP3|S253
33	TMPO|S306
84	TMPO|T160
23	ULK1|S556
65	WAC|S64
67	WDR26|S121
17	ZC3H14|S515
3	ZC3HC1|S321
