dataset_id	feature_id	target_id	site_id	target_index	protein_symbol	residue	canonical_label	evaluation_tier	include_in_loss	n_observed	variance	n_nonzero	n_datasets	n_observed_feature	variance_feature	n_nonzero_feature	n_cells_feature	value_transform
gse300551_iccite_plex_kinase_2025	intra_B1126_RPS6Pho	RPS6_pSitePending	NA	0	RPS6	pending_antibody_clone	RPS6_pending_antibody_clone	main	True	55231	0.2974191009998321	55231	1	55231	0.2974191009998321	55231	55231	log1p_tsb_umi
iccite_seq_tcell_2025	intra-B1126-RPS6Pho	RPS6_pSitePending	NA	0	RPS6	pending_antibody_clone	RPS6_P62753_pending_antibody_clone	main	True	123321	11071.7109375	114398	3	114398	11071.7109375	114398	114398	NA
phospho_seq_blair_2025_phospho_multi	pRPS6	RPS6_pSitePending	NA	0	RPS6	pending_antibody_clone	RPS6_P62753_pSitePending	main	True	123321	11071.7109375	1095	3	1474	54.353126525878906	1095	1474	NA
qurie_seq_bjab_2021	p-S6	RPS6_pSitePending	NA	0	RPS6	pending_antibody_clone	RPS6_pending_antibody_clone	main	True	123321	11071.7109375	7449	3	7449	6981.306640625	7449	7449	NA
signal_seq_gse256403_hela_2024	pS6_S240_S244_2	RPS6_pSitePending	RPS6_pSitePending	0	RPS6	pending_antibody_clone	RPS6_pSitePending	pending_confirmation	True	32038	0.1595638990402221	1136	1	32038	0.1595638990402221	1136	32038	signal_seq_h5ad_X
signal_seq_gse256404_pdo_caf_2024	pS6_S240_S244	RPS6_pSitePending	RPS6_pSitePending	0	RPS6	pending_antibody_clone	RPS6_pSitePending	pending_confirmation	True	32038	0.5126463770866394	28983	1	32038	0.5126463770866394	28983	32038	signal_seq_h5ad_X
gse300551_iccite_plex_kinase_2025	intra_B1073_anti-STAT3_Phospho_Tyr705	STAT3_Y705	STAT3_Y705	1	STAT3	Y705	STAT3_Y705	main	True	55231	0.1853476762771606	55231	1	55231	0.1853476762771606	55231	55231	log1p_tsb_umi
gse300551_iccite_plex_kinase_2025	intra_B1115_anti-STAT3_Phospho_Tyr705	STAT3_Y705	STAT3_Y705	1	STAT3	Y705	STAT3_Y705	main	True	55231	0.1853476762771606	55231	1	55231	0.1853476762771606	55231	55231	log1p_tsb_umi
gse300551_iccite_plex_kinase_2025	intra_phospho-Stat3_Tyr705_D3A7	STAT3_Y705	STAT3_Y705	1	STAT3	Y705	STAT3_Y705	main	True	55231	0.1853476762771606	55231	1	55231	0.1853476762771606	55231	55231	log1p_tsb_umi
iccite_seq_tcell_2025	intra-phospho-Stat3-Tyr705-D3A7	STAT3_Y705	STAT3_Y705	1	STAT3	Y705	STAT3_P40763_Y705	main	True	115451	58.87460708618164	114313	2	114398	58.87460708618164	112578	114398	NA
vivo_seq_th17_2025	STAT3_P40763_Y705	STAT3_Y705	STAT3_Y705	1	STAT3	Y705	STAT3_P40763_Y705	main	True	115451	58.87460708618164	1042	2	1053	37.789798736572266	1042	2230	NA
gse300551_iccite_plex_kinase_2025	intra_BHMIgG1003_phospho_p38_A16016A	MAPK14_pSitePending	NA	2	MAPK14	pending_antibody_clone	MAPK14_pending_antibody_clone	main	True	55231	0.2504537105560303	55231	1	55231	0.2504537105560303	55231	55231	log1p_tsb_umi
iccite_seq_tcell_2025	intra-BHMIgG1003-phospho-p38-A16016A	MAPK14_pSitePending	NA	2	MAPK14	pending_antibody_clone	MAPK14_Q16539_pending_antibody_clone	main	True	121847	491.1410217285156	114357	2	114398	491.1410217285156	114294	114398	NA
qurie_seq_bjab_2021	p-p38	MAPK14_pSitePending	NA	2	MAPK14	pending_antibody_clone	MAPK14_pending_antibody_clone	main	True	121847	491.1410217285156	7442	2	7449	33.866668701171875	7442	7449	NA
signal_seq_gse256403_hela_2024	pP38_MAPK_T180_Y182_v2	MAPK14_pSitePending	MAPK14_pSitePending	2	MAPK14	pending_antibody_clone	MAPK14_pSitePending	pending_confirmation	True	32038	0.0231498535722494	891	1	32038	0.0231498535722494	891	32038	signal_seq_h5ad_X
signal_seq_gse256404_pdo_caf_2024	pP38_MAPK_T180_Y182	MAPK14_pSitePending	MAPK14_pSitePending	2	MAPK14	pending_antibody_clone	MAPK14_pSitePending	pending_confirmation	True	32038	0.1823548227548599	30606	1	32038	0.1823548227548599	30606	32038	signal_seq_h5ad_X
qurie_seq_bjab_2021	p-Akt	AKT_pSitePending	NA	3	AKT1;AKT2;AKT3	pending_antibody_clone	AKT1;AKT2;AKT3_pending_antibody_clone	dynamic	True	7449	220.0041656494141	7449	1	7449	220.0041656494141	7449	7449	NA
signal_seq_gse256403_hela_2024	pAKT_T308	AKT_pSitePending	AKT_pSitePending	3	NA	pending_antibody_clone	AKT_pSitePending	pending_confirmation	True	32038	0.2310744524002075	22260	1	32038	0.2310744524002075	22260	32038	signal_seq_h5ad_X
signal_seq_gse256404_pdo_caf_2024	pAKT_T308	AKT_pSitePending	AKT_pSitePending	3	AKT	pending_antibody_clone	AKT_pSitePending	pending_confirmation	True	32038	0.2310744524002075	22260	1	32038	0.2310744524002075	22260	32038	signal_seq_h5ad_X
qurie_seq_bjab_2021	p-Btk	BTK_pSitePending	NA	4	BTK	pending_antibody_clone	BTK_pending_antibody_clone	dynamic	True	7449	3.02480697631836	6222	1	7449	3.02480697631836	6222	7449	NA
gse300551_iccite_plex_kinase_2025	intra_phospho-CREB_pS133_ATF-1_pS63_J151-21	CREB1_S133_ATF1_S63	CREB1_S133_ATF1_S63	5	CREB1;ATF1	S133;S63	CREB1;ATF1_S133;S63	strict_site	True	55231	0.2694713771343231	55231	1	55231	0.2694713771343231	55231	55231	log1p_tsb_umi
iccite_seq_tcell_2025	intra-phospho-CREB-pS133-ATF-1-pS63-J151-21	CREB1_S133_ATF1_S63	CREB1_S133_ATF1_S63	5	CREB1;ATF1	S133;S63	CREB1;ATF1_P16220;P18846_S133;S63	strict_site	True	114398	867.9659423828125	114357	1	114398	867.9659423828125	114151	114398	NA
iccite_seq_tcell_2025	intra-HM0025-phospho-p44-42-197G2	HM0025_phospho_p44_42_197G2	NA	7	pending	pending	pending_pending_pending	pending_confirmation	True	114398	76.49369049072266	114355	1	114398	76.49369049072266	114223	114398	NA
gse300551_iccite_plex_kinase_2025	intra_BHM0010_phospho_c_Jun	JUN_pSitePending	NA	8	JUN	pending_antibody_clone	JUN_pending_antibody_clone	pending_confirmation	True	55231	0.2586978375911712	55222	1	55231	0.2586978375911712	55222	55231	log1p_tsb_umi
iccite_seq_tcell_2025	intra-BHM0010-phospho-c-Jun	JUN_pSitePending	NA	8	JUN	pending_antibody_clone	JUN_P05412_pending_antibody_clone	pending_confirmation	True	114398	33.91133499145508	114209	1	114398	33.91133499145508	103798	114398	NA
gse300551_iccite_plex_kinase_2025	intra_phospho-LAT_pY226_J96-1238.58.93	LAT_Y226	LAT_Y226	9	LAT	Y226	LAT_Y226	strict_site	True	55231	0.260433554649353	55231	1	55231	0.260433554649353	55231	55231	log1p_tsb_umi
iccite_seq_tcell_2025	intra-phospho-LAT-pY226-J96-1238.58.93	LAT_Y226	LAT_Y226	9	LAT	Y226	LAT_O43561_Y226	strict_site	True	114398	1769.0792236328125	114367	1	114398	1769.0792236328125	114301	114398	NA
gse300551_iccite_plex_kinase_2025	intra_phospho-SLP-76_Ser376_E3G9U	LCP2_S376	LCP2_S376	10	LCP2	S376	LCP2_S376	strict_site	True	55231	0.2750178873538971	55231	1	55231	0.2750178873538971	55231	55231	log1p_tsb_umi
iccite_seq_tcell_2025	intra-phospho-SLP-76-Ser376-E3G9U	LCP2_S376	LCP2_S376	10	LCP2	S376	LCP2_Q13094_S376	strict_site	True	114398	827.022705078125	114386	1	114398	827.022705078125	114380	114398	NA
gse300551_iccite_plex_kinase_2025	intra_phospho-MEK1_pS298_J114-64	MAP2K1_S298	MAP2K1_S298	11	MAP2K1	S298	MAP2K1_S298	strict_site	True	55231	0.2398159950971603	55231	1	55231	0.2398159950971603	55231	55231	log1p_tsb_umi
iccite_seq_tcell_2025	intra-phospho-MEK1-pS298-J114-64	MAP2K1_S298	MAP2K1_S298	11	MAP2K1	S298	MAP2K1_Q02750_S298	strict_site	True	114398	376.4756774902344	114369	1	114398	376.4756774902344	114305	114398	NA
gse300551_iccite_plex_kinase_2025	intra_BHM0007_phospho_p38_D3F9	MAPK14_pSitePending_D3F9	NA	12	MAPK14	pending_antibody_clone	MAPK14_pending_antibody_clone	pending_confirmation	True	55231	0.3175464868545532	55231	1	55231	0.3175464868545532	55231	55231	log1p_tsb_umi
iccite_seq_tcell_2025	intra-BHM0007-phospho-p38-D3F9	MAPK14_pSitePending_D3F9	NA	12	MAPK14	pending_antibody_clone	MAPK14_Q16539_pending_antibody_clone	pending_confirmation	True	114398	138.8418731689453	114334	1	114398	138.8418731689453	113820	114398	NA
qurie_seq_bjab_2021	p-Erk1/2	MAPK1_MAPK3_pSitePending	NA	14	MAPK1;MAPK3	pending_antibody_clone	MAPK1;MAPK3_pending_antibody_clone	dynamic	True	7449	14.739826202392578	7300	1	7449	14.739826202392578	7300	7449	NA
qurie_seq_bjab_2021	p-PLC-y2Y759	PLCG2_Y759	PLCG2_Y759	15	PLCG2	Y759	PLCG2_Y759	strict_site	True	7449	4.587838649749756	6508	1	7449	4.587838649749756	6508	7449	NA
qurie_seq_bjab_2021	p-PLC-y2	PLCG2_pSitePending	NA	16	PLCG2	pending_antibody_clone	PLCG2_pending_antibody_clone	dynamic	True	7449	11.973918914794922	7354	1	7449	11.973918914794922	7354	7449	NA
gse300551_iccite_plex_kinase_2025	intra_BHM0008_phospho_p65_93H1	RELA_pSitePending_93H1	NA	18	RELA	pending_antibody_clone	RELA_pending_antibody_clone	pending_confirmation	True	55231	0.4804613590240478	55231	1	55231	0.4804613590240478	55231	55231	log1p_tsb_umi
iccite_seq_tcell_2025	intra-BHM0008-phospho-p65-93H1	RELA_pSitePending_93H1	NA	18	RELA	pending_antibody_clone	RELA_Q04206_pending_antibody_clone	pending_confirmation	True	114398	236.36154174804688	114338	1	114398	236.36154174804688	113440	114398	NA
qurie_seq_bjab_2021	p-STAT1	STAT1_pSitePending	NA	19	STAT1	pending_antibody_clone	STAT1_pending_antibody_clone	dynamic	False	7449	0.379784882068634	2103	1	7449	0.379784882068634	2103	7449	NA
qurie_seq_bjab_2021	p-STAT3	STAT3_pSitePending	NA	20	STAT3	pending_antibody_clone	STAT3_pending_antibody_clone	dynamic	False	7449	0.5135111808776855	2529	1	7449	0.5135111808776855	2529	7449	NA
iccite_seq_tcell_2025	intra-BHMIgG1017-pSTAT5-Y6947	STAT5A_STAT5B_Y694_Y699	STAT5A_STAT5B_Y694_Y699	21	STAT5A;STAT5B	Y694;Y699	STAT5A;STAT5B_P42229;P51692_Y694;Y699	strict_site	True	114398	1338.6468505859375	114376	1	114398	1338.6468505859375	114362	114398	NA
qurie_seq_bjab_2021	p-Syk	SYK_pSitePending	NA	22	SYK	pending_antibody_clone	SYK_pending_antibody_clone	dynamic	True	7449	76.70660400390625	7434	1	7449	76.70660400390625	7434	7449	NA
qurie_seq_bjab_2021	p-AMPK-a1/2	p-AMPK-a1/2	NA	23	p-AMPK-a1/2	unknown	p-AMPK-a1/2	pending_confirmation	True	7449	17.771677017211914	7427	1	7449	17.771677017211914	7427	7449	NA
qurie_seq_bjab_2021	p-AMPK-b1	p-AMPK-b1	NA	24	p-AMPK-b1	unknown	p-AMPK-b1	pending_confirmation	True	7449	3.4429993629455566	6164	1	7449	3.4429993629455566	6164	7449	NA
qurie_seq_bjab_2021	p-BLNK	p-BLNK	NA	25	p-BLNK	unknown	p-BLNK	pending_confirmation	True	7449	1.4682496786117554	4511	1	7449	1.4682496786117554	4511	7449	NA
qurie_seq_bjab_2021	p-CD79a	p-CD79a	NA	26	p-CD79a	unknown	p-CD79a	pending_confirmation	True	7449	3302.373046875	7413	1	7449	3302.373046875	7413	7449	NA
qurie_seq_bjab_2021	p-CDK1	p-CDK1	NA	27	p-CDK1	unknown	p-CDK1	pending_confirmation	True	7449	10.57127285003662	7167	1	7449	10.57127285003662	7167	7449	NA
qurie_seq_bjab_2021	p-CDK4	p-CDK4	NA	28	p-CDK4	unknown	p-CDK4	pending_confirmation	True	7449	1.0290337800979614	3804	1	7449	1.0290337800979614	3804	7449	NA
qurie_seq_bjab_2021	p-CDK6	p-CDK6	NA	29	p-CDK6	unknown	p-CDK6	pending_confirmation	False	7449	0.5163710713386536	2623	1	7449	0.5163710713386536	2623	7449	NA
qurie_seq_bjab_2021	p-HistonH2A.X	p-HistonH2A.X	NA	30	p-HistonH2A.X	unknown	p-HistonH2A.X	pending_confirmation	True	7449	122.59090423583984	7254	1	7449	122.59090423583984	7254	7449	NA
qurie_seq_bjab_2021	p-HistonH3	p-HistonH3	NA	31	p-HistonH3	unknown	p-HistonH3	pending_confirmation	True	7449	0.782718300819397	3187	1	7449	0.782718300819397	3187	7449	NA
qurie_seq_bjab_2021	p-IKKa/b	p-IKKa/b	NA	32	p-IKKa/b	unknown	p-IKKa/b	pending_confirmation	True	7449	0.9388250112533568	3747	1	7449	0.9388250112533568	3747	7449	NA
qurie_seq_bjab_2021	p-IRAK4	p-IRAK4	NA	33	p-IRAK4	unknown	p-IRAK4	pending_confirmation	True	7449	1.9182881116867063	5432	1	7449	1.9182881116867063	5432	7449	NA
qurie_seq_bjab_2021	p-JAK1	p-JAK1	NA	34	p-JAK1	unknown	p-JAK1	pending_confirmation	True	7449	95.69974517822266	7446	1	7449	95.69974517822266	7446	7449	NA
qurie_seq_bjab_2021	p-JNK	p-JNK	NA	35	p-JNK	unknown	p-JNK	pending_confirmation	True	7449	3.3676297664642334	6383	1	7449	3.3676297664642334	6383	7449	NA
qurie_seq_bjab_2021	p-PKC-b1	p-PKC-b1	NA	36	p-PKC-b1	unknown	p-PKC-b1	pending_confirmation	True	7449	1.263824224472046	4115	1	7449	1.263824224472046	4115	7449	NA
gse300551_iccite_plex_kinase_2025	intra_phophorylated_Rb	p-Rb	NA	37	RB1	pending_antibody_clone	RB1_pending_antibody_clone	pending_confirmation	True	55231	0.2543449997901916	55231	1	55231	0.2543449997901916	55231	55231	log1p_tsb_umi
qurie_seq_bjab_2021	p-Rb	p-Rb	NA	37	p-Rb	unknown	p-Rb	pending_confirmation	True	7449	3.7840476036071777	5820	1	7449	3.7840476036071777	5820	7449	NA
signal_seq_gse256403_hela_2024	pRB_S807_811_v1	p-Rb	p-Rb	37	p-Rb	pending_antibody_clone	p-Rb	pending_confirmation	True	32038	0.0430125445127487	1080	1	32038	0.0430125445127487	1080	32038	signal_seq_h5ad_X
signal_seq_gse256404_pdo_caf_2024	pRB_S807_811	p-Rb	p-Rb	37	p-Rb	pending_antibody_clone	p-Rb	pending_confirmation	True	32038	0.1963526159524917	30652	1	32038	0.1963526159524917	30652	32038	signal_seq_h5ad_X
qurie_seq_bjab_2021	p-SHP-1	p-SHP-1	NA	38	p-SHP-1	unknown	p-SHP-1	pending_confirmation	False	7449	0.4561980366706848	2341	1	7449	0.4561980366706848	2341	7449	NA
qurie_seq_bjab_2021	p-SHP-2	p-SHP-2	NA	39	p-SHP-2	unknown	p-SHP-2	pending_confirmation	False	7449	0.5566036701202393	2793	1	7449	0.5566036701202393	2793	7449	NA
qurie_seq_bjab_2021	p-STAT5	p-STAT5	NA	40	p-STAT5	unknown	p-STAT5	pending_confirmation	True	7449	2.0221667289733887	5403	1	7449	2.0221667289733887	5403	7449	NA
qurie_seq_bjab_2021	p-STAT6	p-STAT6	NA	41	p-STAT6	unknown	p-STAT6	pending_confirmation	True	7449	2.890052318572998	6154	1	7449	2.890052318572998	6154	7449	NA
qurie_seq_bjab_2021	p-Src	p-Src	NA	42	p-Src	unknown	p-Src	pending_confirmation	True	7449	179.92637634277344	7446	1	7449	179.92637634277344	7446	7449	NA
qurie_seq_bjab_2021	p-TOR	p-TOR	NA	43	p-TOR	unknown	p-TOR	pending_confirmation	True	7449	2.009571313858032	5269	1	7449	2.009571313858032	5269	7449	NA
qurie_seq_bjab_2021	p-c-Jun	p-c-Jun	NA	44	p-c-Jun	unknown	p-c-Jun	pending_confirmation	True	7449	0.6211960315704346	2811	1	7449	0.6211960315704346	2811	7449	NA
qurie_seq_bjab_2021	p-p65	p-p65	NA	45	p-p65	unknown	p-p65	pending_confirmation	True	7449	14.92892074584961	7378	1	7449	14.92892074584961	7378	7449	NA
signal_seq_gse256403_hela_2024	pNF_κB_p65_S529	p-p65	p-p65	45	NA	pending_antibody_clone	p-p65	pending_confirmation	True	32038	0.0228310544043779	944	1	32038	0.0228310544043779	944	32038	signal_seq_h5ad_X
signal_seq_gse256404_pdo_caf_2024	pNF_kB_p65_S529	p-p65	p-p65	45	p-p65	pending_antibody_clone	p-p65	pending_confirmation	True	32038	0.1631635129451751	21766	1	32038	0.1631635129451751	21766	32038	signal_seq_h5ad_X
gse300551_iccite_plex_kinase_2025	intra_B0042_HistoneH31PhoSer28	HISTONE_H3_S28	HISTONE_H3_S28	46	H3F3A;H3F3B	S28	H3F3A;H3F3B_S28	strict_site	True	55231	0.3483510315418243	55231	1	55231	0.3483510315418243	55231	55231	log1p_tsb_umi
signal_seq_gse256403_hela_2024	pHistone_H3_Ser28_v3	HISTONE_H3_S28	HISTONE_H3_S28	46	HISTONE	pending_antibody_clone	HISTONE_H3_S28	pending_confirmation	True	32038	0.003247489221394	144	1	32038	0.003247489221394	144	32038	signal_seq_h5ad_X
signal_seq_gse256404_pdo_caf_2024	pHistone__H3_Ser28	HISTONE_H3_S28	HISTONE_H3_S28	46	NA	pending_antibody_clone	HISTONE_H3_S28	pending_confirmation	True	32038	0.027468979358673	1225	1	32038	0.027468979358673	1225	32038	signal_seq_h5ad_X
gse300551_iccite_plex_kinase_2025	intra_BHM03_NRF2PhoS40	NFE2L2_S40	NFE2L2_S40	47	NFE2L2	S40	NFE2L2_S40	strict_site	True	55231	0.4661479294300079	55231	1	55231	0.4661479294300079	55231	55231	log1p_tsb_umi
gse300551_iccite_plex_kinase_2025	intra_phospho-Akt_Ser473_D9E	AKT_S473	AKT_S473	48	AKT1;AKT2;AKT3	S473	AKT1;AKT2;AKT3_S473	strict_site	True	55231	0.308065265417099	55229	1	55231	0.308065265417099	55229	55231	log1p_tsb_umi
gse300551_iccite_plex_kinase_2025	intra_phospho-4E-BP1_Thr37_46_236B4	EIF4EBP1_T37_T46	EIF4EBP1_T37_T46	49	EIF4EBP1	T37;T46	EIF4EBP1_T37;T46	strict_site	True	55231	0.6232333183288574	54711	1	55231	0.6232333183288574	54711	55231	log1p_tsb_umi
signal_seq_gse256403_hela_2024	p4E_BP1_T37_46_v2	EIF4EBP1_T37_T46	EIF4EBP1_T37_T46	49	NA	pending_antibody_clone	EIF4EBP1_T37_T46	pending_confirmation	True	32038	0.0309136845171451	688	1	32038	0.0309136845171451	688	32038	signal_seq_h5ad_X
signal_seq_gse256404_pdo_caf_2024	p4E_BP1_T37_46	EIF4EBP1_T37_T46	EIF4EBP1_T37_T46	49	EIF4EBP1	pending_antibody_clone	EIF4EBP1_T37_T46	pending_confirmation	True	32038	0.0927572399377822	6068	1	32038	0.0927572399377822	6068	32038	signal_seq_h5ad_X
gse300551_iccite_plex_kinase_2025	intra_B1097_anti-STAT6_Phospho_Tyr641	STAT6_Y641	STAT6_Y641	50	STAT6	Y641	STAT6_Y641	strict_site	True	55231	0.3281674385070801	55231	1	55231	0.3281674385070801	55231	55231	log1p_tsb_umi
gse300551_iccite_plex_kinase_2025	intra_B1100_anti-ZAP70_Phospho_Tyr493	ZAP70_Y493	ZAP70_Y493	51	ZAP70	Y493	ZAP70_Y493	strict_site	True	55231	0.314010888338089	54562	1	55231	0.314010888338089	54562	55231	log1p_tsb_umi
gse300551_iccite_plex_kinase_2025	intra_B1101_anti-Lck_Phospho_Tyr505	LCK_Y505	LCK_Y505	52	LCK	Y505	LCK_Y505	strict_site	True	55231	0.2845971882343292	55194	1	55231	0.2845971882343292	55194	55231	log1p_tsb_umi
gse300551_iccite_plex_kinase_2025	intra_B1110_anti-STAT5A_Phospho_Tyr694	STAT5A_Y694	STAT5A_Y694	53	STAT5A	Y694	STAT5A_Y694	strict_site	True	55231	0.3433320522308349	54938	1	55231	0.3433320522308349	54938	55231	log1p_tsb_umi
gse300551_iccite_plex_kinase_2025	intra_PLCg1_Phospho_Tyr783	PLCG1_Y783	PLCG1_Y783	54	PLCG1	Y783	PLCG1_Y783	strict_site	True	55231	0.2559591233730316	55210	1	55231	0.2559591233730316	55210	55231	log1p_tsb_umi
