"path","Length","LastWriteTime"
"code\audit_sctranslator_official_preprocess_notes.py","1463","2026/6/22 9:09:31"
"code\audit_sctranslator_sc12_protein_matrix.py","8030","2026/6/22 8:33:21"
"code\build_sctranslator_all_protein_query.py","3197","2026/6/21 23:27:23"
"code\build_sctranslator_protein_coding_query.py","3141","2026/6/21 23:28:28"
"code\compare_sctranslator_official_vs_manual_forward.py","5555","2026/6/22 9:02:03"
"code\diagnose_scp682_sc12_protein_baseline.py","8724","2026/6/22 7:38:35"
"code\make_sctranslator_sc12_datasetwise_rankz_cache.py","3665","2026/6/22 11:33:13"
"code\merge_sc12_protein_cache_by_cell_metadata.py","6091","2026/6/21 19:14:38"
"code\prepare_sc12_parent_protein_queries.py","10171","2026/6/21 18:40:22"
"code\run_sctranslator_sc12_all_protein_inference.py","9454","2026/6/21 23:36:54"
"code\train_scp682_sc12_protein_residual.py","42646","2026/6/22 2:48:58"
"MANIFEST.csv","0","2026/8/26 17:20:40"
"models\scp682_sc12_final.pt","71090635","2026/8/26 17:20:21"
"README_SOURCE.md","4724","2026/6/22 1:17:40"
"reports\scp682_sc12_protein_cache.json","666","2026/8/26 17:19:13"
"reports\scp682_sc12_summary.json","539","2026/8/26 17:19:13"
"scripts\run_scp682_sc12_merge_all_protein_cache_only.bat","1711","2026/6/22 1:14:00"
"scripts\run_scp682_sc12_protein_residual_formal_logged.bat","621","2026/6/22 2:46:12"
"scripts\run_scp682_sc12_protein_residual_formal.bat","1249","2026/6/22 1:09:43"
"scripts\run_scp682_sc12_protein_residual_rankz_logged.bat","412","2026/6/22 11:38:48"
"scripts\run_scp682_sc12_protein_residual_rankz.bat","1261","2026/6/22 11:38:40"
"scripts\run_scp682_sc12_protein_residual_smoke.bat","1291","2026/6/22 1:09:43"
"scripts\run_sctranslator_sc12_all_protein_cache_iccite_gpu1.bat","1291","2026/6/21 23:43:14"
"scripts\run_sctranslator_sc12_all_protein_cache_remaining_gpu0.bat","1699","2026/6/21 23:43:14"
"scripts\schedule_sctranslator_sc12_cache_all.ps1","358","2026/6/21 19:02:58"
"scripts\start_scp682_sc12_rankz.ps1","418","2026/6/22 11:44:39"
"scripts\start_sctranslator_sc12_all_protein_cache.ps1","494","2026/6/21 23:44:52"
"tables\scp682_sc11_reconstruction_performance.tsv","30650","2026/8/26 17:18:20"
"tables\scp682_sc11_site_pathway_attention.tsv","524078","2026/8/26 17:18:20"
"tables\scp682_sc12_component_gain_summary.tsv","1876","2026/8/26 17:18:20"
"tables\scp682_sc12_component_performance.tsv","104178","2026/8/26 17:18:20"
"tables\scp682_sc12_frozen_parent_protein_baseline.tsv","4079","2026/8/26 17:18:21"
"tables\scp682_sc12_none_pathway_alignment.tsv","2","2026/8/26 17:18:21"
"tables\scp682_sc12_none_transfer_prior.tsv","2","2026/8/26 17:18:21"
"tables\scp682_sc12_parent_protein_mapping.tsv","10406","2026/8/26 17:18:21"
"tables\scp682_sc12_parent_protein_transform.tsv","2947","2026/8/26 17:18:21"
"tables\scp682_sc12_reconstruction_performance.tsv","30283","2026/8/26 17:18:21"
"tables\scp682_sc12_site_graph_candidates.tsv","5948","2026/8/26 17:18:21"
"tables\scp682_sc12_site_graph_edges.tsv","41753531","2026/8/26 17:19:12"
"tables\scp682_sc12_site_graph_nodes.tsv","383201","2026/8/26 17:19:12"
"tables\scp682_sc12_target_pathway_prior.tsv","2437","2026/8/26 17:19:12"
"tables\scp682_sc12_target_table.tsv","4811","2026/8/26 17:19:12"
"tables\scp682_sc12_target_transform.tsv","8780","2026/8/26 17:19:12"
"tables\scp682_sc12_train_manifest.tsv","129","2026/8/26 17:19:12"
