architecture	model	split_seed	target_id	overall_spearman	within_condition_spearman	pseudobulk_spearman
ctpnet	single_original	69001	RPS6_pSitePending	0.4941180327075679	0.47663987878819475	0.5688294860699902
ctpnet	single_original	69001	STAT3_Y705	0.39208381560310207	0.342265267066851	0.709547048018566
ctpnet	single_original	69001	MAPK14_pSitePending	0.49467278822960725	0.27697660376849936	0.7833561214471296
ctpnet	single_original	69001	CREB1_S133_ATF1_S63	0.33278544453774245	0.31054983469946335	0.3790414368821876
ctpnet	single_original	69001	JUN_pSitePending	0.33762934034052916	0.2829542936084663	0.53797011815152
ctpnet	single_original	69001	LAT_Y226	0.24079166179863307	0.22512860345539173	0.27687844505233955
ctpnet	single_original	69001	LCP2_S376	0.4953647998201425	0.4302968648576509	0.7237551058573881
ctpnet	single_original	69001	MAP2K1_S298	0.31107476617889573	0.2662510838801662	0.451156468945987
ctpnet	single_original	69001	MAPK14_pSitePending_D3F9	0.5989683022338944	0.52066728608925	0.7963968700295116
ctpnet	single_original	69001	RELA_pSitePending_93H1	0.5768862129815611	0.5048643926505895	0.7246419817167131
ctpnet	single_original	69001	p-Rb	0.4506134595498787	0.3809109248855476	0.6746515708532232
ctpnet	single_original	69001	HISTONE_H3_S28	0.5468651063921772	0.5253239370353063	0.7066769014398973
ctpnet	single_original	69001	NFE2L2_S40	0.7894526766663953	0.6860265659135021	0.939736809212441
ctpnet	single_original	69001	AKT_S473	0.44240077867508687	0.3495098309542274	0.7932745318825168
ctpnet	single_original	69001	EIF4EBP1_T37_T46	0.27547595984388673	0.309094550647908	0.36449929918201335
ctpnet	single_original	69001	STAT6_Y641	0.4938396569224422	0.4361357858416557	0.6913147230934078
ctpnet	single_original	69001	ZAP70_Y493	0.17474492444188303	0.16398233292778025	0.2961805534435223
ctpnet	single_original	69001	LCK_Y505	0.26958282813247875	0.18973040365140545	0.6918853005693372
ctpnet	single_original	69001	STAT5A_Y694	0.24710762331614983	0.21381106996141702	0.5100446837224081
ctpnet	single_original	69001	PLCG1_Y783	0.24504234451863155	0.22769377369446064	0.43314129616501335
ctpnet	mean3	69001	RPS6_pSitePending	0.5054743403833909	0.49104493097877866	0.5635502132032392
ctpnet	mean3	69001	STAT3_Y705	0.4138566604453599	0.3590072216620576	0.7269252457633668
ctpnet	mean3	69001	MAPK14_pSitePending	0.5140771389193489	0.2968638780949613	0.7947810289668255
ctpnet	mean3	69001	CREB1_S133_ATF1_S63	0.34301407956937563	0.3169158352909709	0.4198911132081053
ctpnet	mean3	69001	JUN_pSitePending	0.3167975250925644	0.2779748927341168	0.49404471686285445
ctpnet	mean3	69001	LAT_Y226	0.24402362646915757	0.22968374829529012	0.2044508859694235
ctpnet	mean3	69001	LCP2_S376	0.5018122576411642	0.4354810823197577	0.7299389062277865
ctpnet	mean3	69001	MAP2K1_S298	0.34805991456591306	0.28926347060961943	0.5325257785567825
ctpnet	mean3	69001	MAPK14_pSitePending_D3F9	0.5892164848199474	0.5195510027173228	0.7911571940946187
ctpnet	mean3	69001	RELA_pSitePending_93H1	0.5603101301369576	0.49570786671061234	0.7027682549011938
ctpnet	mean3	69001	p-Rb	0.4537660071749842	0.39166760489250474	0.6757262549277064
ctpnet	mean3	69001	HISTONE_H3_S28	0.5733664306109753	0.549570729879159	0.7404206434549134
ctpnet	mean3	69001	NFE2L2_S40	0.7891092016381632	0.6944085966927052	0.9413593292756816
ctpnet	mean3	69001	AKT_S473	0.4518235513346669	0.35395597825177877	0.7991508603925378
ctpnet	mean3	69001	EIF4EBP1_T37_T46	0.280062345375831	0.31467106947362655	0.41517860124553824
ctpnet	mean3	69001	STAT6_Y641	0.492665817543919	0.4398621921687495	0.670921826115083
ctpnet	mean3	69001	ZAP70_Y493	0.15887226363416992	0.14958565416413955	0.2490148771177074
ctpnet	mean3	69001	LCK_Y505	0.26444459075554166	0.19295436648741254	0.6786341634694928
ctpnet	mean3	69001	STAT5A_Y694	0.24662562823852519	0.21281013955059863	0.48717601617753054
ctpnet	mean3	69001	PLCG1_Y783	0.25275241270761906	0.2246567586017615	0.4828998502949733
ctpnet	rank3	69001	RPS6_pSitePending	0.5056219569687405	0.48983017695596914	0.5740701161478197
ctpnet	rank3	69001	STAT3_Y705	0.41384042984933356	0.3580195758699196	0.7248218376602126
ctpnet	rank3	69001	MAPK14_pSitePending	0.5129010754309616	0.2951579249942884	0.7974927031918945
ctpnet	rank3	69001	CREB1_S133_ATF1_S63	0.3427462326388103	0.31799055399130344	0.4119970116243234
ctpnet	rank3	69001	JUN_pSitePending	0.3204476527577714	0.27916474049895124	0.5198332921461633
ctpnet	rank3	69001	LAT_Y226	0.24554663135176072	0.2279807398757835	0.2084101020837528
ctpnet	rank3	69001	LCP2_S376	0.5020716949505137	0.4321356539583177	0.7380858556896974
ctpnet	rank3	69001	MAP2K1_S298	0.3458497555303905	0.28559412155420233	0.5331039891762026
ctpnet	rank3	69001	MAPK14_pSitePending_D3F9	0.5876638788651642	0.5184084744468443	0.7904845233245013
ctpnet	rank3	69001	RELA_pSitePending_93H1	0.5611570199928593	0.4962311096238803	0.7025750409565856
ctpnet	rank3	69001	p-Rb	0.45382766569040617	0.3915252459972755	0.682035205966065
ctpnet	rank3	69001	HISTONE_H3_S28	0.5734282419055687	0.5472359109974021	0.7315704906489222
ctpnet	rank3	69001	NFE2L2_S40	0.7875620264580336	0.6673732225417628	0.9376887413995942
ctpnet	rank3	69001	AKT_S473	0.45299817828411887	0.3452183999032128	0.7980900918565499
ctpnet	rank3	69001	EIF4EBP1_T37_T46	0.2779842577060516	0.2601237603549434	0.2042614885965607
ctpnet	rank3	69001	STAT6_Y641	0.4893543662251366	0.43725626481903473	0.6715525145960017
ctpnet	rank3	69001	ZAP70_Y493	0.1673051510215044	0.157220171081785	0.259429109974172
ctpnet	rank3	69001	LCK_Y505	0.27253691527868384	0.19599898390687112	0.6890247800461996
ctpnet	rank3	69001	STAT5A_Y694	0.2518421081515964	0.21704623088444194	0.49230906847591294
ctpnet	rank3	69001	PLCG1_Y783	0.2580857272508666	0.23050269560961759	0.4849708175382922
ctpnet	single_original	69002	RPS6_pSitePending	0.4620966986387191	0.43900601994042143	0.6474535624233232
ctpnet	single_original	69002	STAT3_Y705	0.40784473472374816	0.34986958881623614	0.6472575166299851
ctpnet	single_original	69002	MAPK14_pSitePending	0.5140596911664237	0.28965771858439804	0.7415327674821087
ctpnet	single_original	69002	CREB1_S133_ATF1_S63	0.33555869460003857	0.2932725291185019	0.442421720394311
ctpnet	single_original	69002	JUN_pSitePending	0.34129330313700607	0.26266508900828955	0.5428791605787666
ctpnet	single_original	69002	LAT_Y226	0.26199394680072147	0.24031530530247497	0.3154599239644325
ctpnet	single_original	69002	LCP2_S376	0.4812317820577662	0.40915716718208006	0.7442072081055789
ctpnet	single_original	69002	MAP2K1_S298	0.33612676205832875	0.26923898346067954	0.5211228618749322
ctpnet	single_original	69002	MAPK14_pSitePending_D3F9	0.6091313703119159	0.5059470488014168	0.8691690247646524
ctpnet	single_original	69002	RELA_pSitePending_93H1	0.5674964299936406	0.47617210535012416	0.7867342346507856
ctpnet	single_original	69002	p-Rb	0.46054518172857184	0.39128541304027714	0.6131806888728599
ctpnet	single_original	69002	HISTONE_H3_S28	0.540680700977822	0.5299164468029779	0.6438519915909917
ctpnet	single_original	69002	NFE2L2_S40	0.7956825172938919	0.6765627200833126	0.9358905595936057
ctpnet	single_original	69002	AKT_S473	0.4921931681787895	0.3468261195928825	0.7945242807030521
ctpnet	single_original	69002	EIF4EBP1_T37_T46	0.2254891114063485	0.36370841205070437	0.4131462287611294
ctpnet	single_original	69002	STAT6_Y641	0.524332038830997	0.4362280583734418	0.7553756550851247
ctpnet	single_original	69002	ZAP70_Y493	0.19410214801786685	0.16618792255819895	0.3392881252277346
ctpnet	single_original	69002	LCK_Y505	0.34509995811604055	0.23284405415155657	0.6594871551434757
ctpnet	single_original	69002	STAT5A_Y694	0.24200586490944653	0.21301337006566645	0.4190268078875228
ctpnet	single_original	69002	PLCG1_Y783	0.24661431048078053	0.22373167341327646	0.35132084312021056
ctpnet	mean3	69002	RPS6_pSitePending	0.4526895181262228	0.4280733373088553	0.6229607846763703
ctpnet	mean3	69002	STAT3_Y705	0.4103782621535312	0.35533220434646556	0.6380815871078314
ctpnet	mean3	69002	MAPK14_pSitePending	0.5243781475768059	0.30208253358084003	0.7515958004278483
ctpnet	mean3	69002	CREB1_S133_ATF1_S63	0.34471212053466216	0.2977401122485262	0.4645619486212062
ctpnet	mean3	69002	JUN_pSitePending	0.3449225204656324	0.26267641723706636	0.5843440788621945
ctpnet	mean3	69002	LAT_Y226	0.2668751315542208	0.23974659098569184	0.33165523066205527
ctpnet	mean3	69002	LCP2_S376	0.4775047830319662	0.40751903077304746	0.7370908777056477
ctpnet	mean3	69002	MAP2K1_S298	0.34511180268730035	0.2732563680618023	0.5278902883352753
ctpnet	mean3	69002	MAPK14_pSitePending_D3F9	0.603228686125377	0.49528061840639653	0.8624079108793086
ctpnet	mean3	69002	RELA_pSitePending_93H1	0.567732856276467	0.4779382192136233	0.7876250716676838
ctpnet	mean3	69002	p-Rb	0.47675646690047774	0.3958618233015141	0.6438051378793762
ctpnet	mean3	69002	HISTONE_H3_S28	0.5352616336011441	0.519319385176296	0.6087610275758752
ctpnet	mean3	69002	NFE2L2_S40	0.7907595556748398	0.6749584076708318	0.9322778918295758
ctpnet	mean3	69002	AKT_S473	0.4905741629149571	0.346576762015009	0.7930570197340435
ctpnet	mean3	69002	EIF4EBP1_T37_T46	0.2640494572453802	0.32268605686347135	0.4407406031707382
ctpnet	mean3	69002	STAT6_Y641	0.5211373857141905	0.4355220909349396	0.732936730988303
ctpnet	mean3	69002	ZAP70_Y493	0.19774004981878532	0.17174107185121323	0.34856593646757744
ctpnet	mean3	69002	LCK_Y505	0.3486926862564519	0.23892030811214854	0.6573968227938488
ctpnet	mean3	69002	STAT5A_Y694	0.2526104929169371	0.21035977266838876	0.4509899236746852
ctpnet	mean3	69002	PLCG1_Y783	0.2519067038091114	0.22360295809657735	0.35741675759985697
ctpnet	rank3	69002	RPS6_pSitePending	0.4496006306721433	0.4275724076587785	0.6104742705308649
ctpnet	rank3	69002	STAT3_Y705	0.40985878032885137	0.3546850936376452	0.634034289518948
ctpnet	rank3	69002	MAPK14_pSitePending	0.523109217090324	0.299416737204993	0.7520205663134143
ctpnet	rank3	69002	CREB1_S133_ATF1_S63	0.34338198847064966	0.29653304800924385	0.4606071254631427
ctpnet	rank3	69002	JUN_pSitePending	0.34464959070485124	0.26527182860253884	0.6003674317384576
ctpnet	rank3	69002	LAT_Y226	0.26582438642353934	0.2337904753873474	0.3105685944503011
ctpnet	rank3	69002	LCP2_S376	0.47598425379338904	0.3979556313983092	0.7304524465651914
ctpnet	rank3	69002	MAP2K1_S298	0.34610764432760815	0.274386073794625	0.5251363997854593
ctpnet	rank3	69002	MAPK14_pSitePending_D3F9	0.6016933911058059	0.5024833781857988	0.8627956869925465
ctpnet	rank3	69002	RELA_pSitePending_93H1	0.5669266554290021	0.47712925906981163	0.7838021786975901
ctpnet	rank3	69002	p-Rb	0.47644061097229234	0.39092186137482776	0.6514533898043857
ctpnet	rank3	69002	HISTONE_H3_S28	0.5308904008308826	0.5132444211453645	0.576797548811087
ctpnet	rank3	69002	NFE2L2_S40	0.7877096843764824	0.6394752403607114	0.9252899073406201
ctpnet	rank3	69002	AKT_S473	0.4888256861797603	0.3323863629501704	0.7939990259359954
ctpnet	rank3	69002	EIF4EBP1_T37_T46	0.2584904476177501	0.23883935268693263	0.19418986144091754
ctpnet	rank3	69002	STAT6_Y641	0.5202518477366381	0.43222295862327836	0.7416258237930545
ctpnet	rank3	69002	ZAP70_Y493	0.19707034437075904	0.1716408742390805	0.3470810509477694
ctpnet	rank3	69002	LCK_Y505	0.3486124624886572	0.23746610691892328	0.6552421682236615
ctpnet	rank3	69002	STAT5A_Y694	0.25170619910548775	0.20943899305026262	0.4607059068677609
ctpnet	rank3	69002	PLCG1_Y783	0.25174421698063176	0.22356491320591773	0.35570043216383995
ctpnet	single_original	69003	RPS6_pSitePending	0.4684429164853809	0.47826780802213387	0.3762439330737873
ctpnet	single_original	69003	STAT3_Y705	0.4471588420162972	0.39712186758189744	0.7187557285277155
ctpnet	single_original	69003	MAPK14_pSitePending	0.5693393165037484	0.3105297951798239	0.8066832892469988
ctpnet	single_original	69003	CREB1_S133_ATF1_S63	0.34347902614002324	0.3298620641456751	0.41751235469886255
ctpnet	single_original	69003	JUN_pSitePending	0.3288574969412475	0.29018600391854577	0.5124757509557054
ctpnet	single_original	69003	LAT_Y226	0.2609408324220169	0.2632552620264125	0.25070403872132746
ctpnet	single_original	69003	LCP2_S376	0.5023715525331078	0.4539153700192415	0.679626862808746
ctpnet	single_original	69003	MAP2K1_S298	0.32068819043241675	0.2773792998678442	0.5274177186420912
ctpnet	single_original	69003	MAPK14_pSitePending_D3F9	0.5879458398207302	0.4873417203248724	0.7892299946333287
ctpnet	single_original	69003	RELA_pSitePending_93H1	0.5925671202663624	0.5118513584280634	0.773860616456008
ctpnet	single_original	69003	p-Rb	0.4464194099017357	0.40422063986628076	0.5569157482359245
ctpnet	single_original	69003	HISTONE_H3_S28	0.48150546253912613	0.5441700573904578	0.2620885167010203
ctpnet	single_original	69003	NFE2L2_S40	0.7848425412455815	0.6421327296050013	0.9245066104617743
ctpnet	single_original	69003	AKT_S473	0.45432124868499396	0.3420857708251828	0.8068779673002092
ctpnet	single_original	69003	EIF4EBP1_T37_T46	0.26690089185161414	0.2711202515038047	0.37787976577417515
ctpnet	single_original	69003	STAT6_Y641	0.5072237257812404	0.4532295770321822	0.626684550041515
ctpnet	single_original	69003	ZAP70_Y493	0.1897617119344662	0.19136843093932202	0.25255692006882924
ctpnet	single_original	69003	LCK_Y505	0.3730843835293169	0.21011243861723064	0.746778000916776
ctpnet	single_original	69003	STAT5A_Y694	0.2738184923034674	0.23772653276599096	0.43511640732418244
ctpnet	single_original	69003	PLCG1_Y783	0.26856318749379887	0.24412932127571146	0.5452676130231093
ctpnet	mean3	69003	RPS6_pSitePending	0.4806310074141612	0.47763272728760614	0.4762829621040007
ctpnet	mean3	69003	STAT3_Y705	0.47533386943126654	0.4134050466989557	0.7469838394345005
ctpnet	mean3	69003	MAPK14_pSitePending	0.5960016751022456	0.3238811883633484	0.8056568200273891
ctpnet	mean3	69003	CREB1_S133_ATF1_S63	0.3536433517758171	0.34403767792101875	0.40907390495434187
ctpnet	mean3	69003	JUN_pSitePending	0.34348488534491856	0.3054356096087992	0.5055230789185935
ctpnet	mean3	69003	LAT_Y226	0.2803092639685207	0.2809090507333242	0.27669089548759984
ctpnet	mean3	69003	LCP2_S376	0.4978110829224159	0.450432699874628	0.6500805830179274
ctpnet	mean3	69003	MAP2K1_S298	0.36546430330908847	0.28284304181263215	0.6500805830179274
ctpnet	mean3	69003	MAPK14_pSitePending_D3F9	0.5937591330447582	0.4965996604029232	0.7824868176468099
ctpnet	mean3	69003	RELA_pSitePending_93H1	0.5866108147288548	0.5060319269270479	0.771801584121952
ctpnet	mean3	69003	p-Rb	0.45627660708999707	0.4186852264019071	0.5636709525385517
ctpnet	mean3	69003	HISTONE_H3_S28	0.5819022879236821	0.5413326460362572	0.7577520199670038
ctpnet	mean3	69003	NFE2L2_S40	0.7843140678308907	0.6453522086225353	0.9194957817299263
ctpnet	mean3	69003	AKT_S473	0.46245044500212984	0.34524291072431956	0.8081237478240709
ctpnet	mean3	69003	EIF4EBP1_T37_T46	0.22030354034705368	0.23283782718729484	0.5030638563656274
ctpnet	mean3	69003	STAT6_Y641	0.5130886441651487	0.46050103688116806	0.6307124567327672
ctpnet	mean3	69003	ZAP70_Y493	0.20865982899456478	0.1994708012885185	0.30872761428054946
ctpnet	mean3	69003	LCK_Y505	0.39449533924883495	0.22927289895869143	0.7468074471075431
ctpnet	mean3	69003	STAT5A_Y694	0.28383988025162615	0.24574486506278403	0.4643701610136399
ctpnet	mean3	69003	PLCG1_Y783	0.2826107351863476	0.25197859210663603	0.5753052191304995
ctpnet	rank3	69003	RPS6_pSitePending	0.4799373729870541	0.474392033026486	0.4732164112313566
ctpnet	rank3	69003	STAT3_Y705	0.47318598312931304	0.4115320785657975	0.7499570749235437
ctpnet	rank3	69003	MAPK14_pSitePending	0.5923849129014338	0.32348389026402574	0.8067977561175493
ctpnet	rank3	69003	CREB1_S133_ATF1_S63	0.3540921854005816	0.34506246188074197	0.4040713709232583
ctpnet	rank3	69003	JUN_pSitePending	0.3436397291998936	0.3053277622320592	0.5047249212547713
ctpnet	rank3	69003	LAT_Y226	0.28392177331782414	0.2778690418452576	0.27733041691654453
ctpnet	rank3	69003	LCP2_S376	0.4975799215702544	0.4450836480438937	0.6413773682407521
ctpnet	rank3	69003	MAP2K1_S298	0.3652491087673718	0.28300339655100293	0.6479617017076301
ctpnet	rank3	69003	MAPK14_pSitePending_D3F9	0.5944497539153972	0.49296718799306344	0.7808224859384085
ctpnet	rank3	69003	RELA_pSitePending_93H1	0.5856656925554466	0.5018395362235445	0.7715120990652703
ctpnet	rank3	69003	p-Rb	0.455724573568478	0.4149365998823652	0.5598587080671772
ctpnet	rank3	69003	HISTONE_H3_S28	0.5847146313531356	0.5419643924469034	0.7537966919074411
ctpnet	rank3	69003	NFE2L2_S40	0.7840811631143213	0.5972855591479935	0.9168186670581766
ctpnet	rank3	69003	AKT_S473	0.4615333760303076	0.3309728618733352	0.8068963393511783
ctpnet	rank3	69003	EIF4EBP1_T37_T46	0.22904078724585594	0.20415129713377583	0.3541417739137664
ctpnet	rank3	69003	STAT6_Y641	0.5140727089498135	0.4624892945135712	0.6206708919872362
ctpnet	rank3	69003	ZAP70_Y493	0.20891937618936077	0.20013395299921094	0.30146456466443317
ctpnet	rank3	69003	LCK_Y505	0.3930362310117685	0.22814475329847564	0.7476810865561487
ctpnet	rank3	69003	STAT5A_Y694	0.2822445464244189	0.24342621360379557	0.4639351039134324
ctpnet	rank3	69003	PLCG1_Y783	0.28272731382971555	0.24832839612725507	0.5761017179365808
ctpnet	single_original	69004	RPS6_pSitePending	0.4492730651222706	0.44185027950984335	0.45474588028586954
ctpnet	single_original	69004	STAT3_Y705	0.33515966566432626	0.31150617834222427	0.5975250498831207
ctpnet	single_original	69004	MAPK14_pSitePending	0.47249852723744	0.16797858122192777	0.812707895500976
ctpnet	single_original	69004	CREB1_S133_ATF1_S63	0.2655561064014523	0.21968580242950433	0.41327500177631415
ctpnet	single_original	69004	JUN_pSitePending	0.3078605711971153	0.21853936617856376	0.6358822860198529
ctpnet	single_original	69004	LAT_Y226	0.17122818218607408	0.15242827971996192	0.2276819982774886
ctpnet	single_original	69004	LCP2_S376	0.5397524723674767	0.45948470954937765	0.7813880878932586
ctpnet	single_original	69004	MAP2K1_S298	0.2781208641140903	0.19538289568998646	0.6016949117736569
ctpnet	single_original	69004	MAPK14_pSitePending_D3F9	0.49996957120782604	0.35550774084211173	0.7740832267887074
ctpnet	single_original	69004	RELA_pSitePending_93H1	0.49774768376621714	0.39316477828543944	0.8060527752188358
ctpnet	single_original	69004	p-Rb	0.40719857977947066	0.3452255291081565	0.5925237913157335
ctpnet	single_original	69004	HISTONE_H3_S28	0.4924811711890288	0.4535547985041424	0.7432600420545036
ctpnet	single_original	69004	NFE2L2_S40	0.7987524547145444	0.5876527478252903	0.9117646213247239
ctpnet	single_original	69004	AKT_S473	0.4546555912850671	0.3230019516588677	0.8231037486595502
ctpnet	single_original	69004	EIF4EBP1_T37_T46	0.25474333692712964	0.2551908046224491	0.33199298591906906
ctpnet	single_original	69004	STAT6_Y641	0.5338909560972026	0.4123524606169134	0.8283924418139023
ctpnet	single_original	69004	ZAP70_Y493	0.14749951071553302	0.135002537193404	0.3000568728632263
ctpnet	single_original	69004	LCK_Y505	0.3207273604298614	0.1401468024310925	0.7259147942037155
ctpnet	single_original	69004	STAT5A_Y694	0.24585172238791458	0.19512938815844932	0.5649044671529729
ctpnet	single_original	69004	PLCG1_Y783	0.19627737115217056	0.1826292035472042	0.37609438409539614
ctpnet	mean3	69004	RPS6_pSitePending	0.46658048135017915	0.45311628502975665	0.5395817302864621
ctpnet	mean3	69004	STAT3_Y705	0.34353538823982577	0.33483644075491825	0.5892685158679276
ctpnet	mean3	69004	MAPK14_pSitePending	0.5026345686050205	0.2046018429404802	0.8172063855312329
ctpnet	mean3	69004	CREB1_S133_ATF1_S63	0.29261446275561115	0.2520934941935784	0.4262410686306199
ctpnet	mean3	69004	JUN_pSitePending	0.32257916729874164	0.2377070867266311	0.6389634210702488
ctpnet	mean3	69004	LAT_Y226	0.2052485040468332	0.18860640858794622	0.3029603456851172
ctpnet	mean3	69004	LCP2_S376	0.5296070529036973	0.46021630444379	0.7529264006288768
ctpnet	mean3	69004	MAP2K1_S298	0.3022430905799318	0.21584338382680374	0.6316770418474982
ctpnet	mean3	69004	MAPK14_pSitePending_D3F9	0.5269397806269315	0.3969301698920828	0.7777188182931202
ctpnet	mean3	69004	RELA_pSitePending_93H1	0.5461716324413092	0.4311347477896576	0.8369988381056974
ctpnet	mean3	69004	p-Rb	0.44817795448758135	0.3979451331553202	0.6208392663596485
ctpnet	mean3	69004	HISTONE_H3_S28	0.521046538750285	0.4791566640526046	0.7712205886520425
ctpnet	mean3	69004	NFE2L2_S40	0.8051424692109913	0.6067685312228639	0.9141393377818537
ctpnet	mean3	69004	AKT_S473	0.45875295307452235	0.32713040678047733	0.8220815796507113
ctpnet	mean3	69004	EIF4EBP1_T37_T46	0.27037768451925354	0.26662828353230045	0.4362816589501388
ctpnet	mean3	69004	STAT6_Y641	0.5526988572334333	0.43450034520857156	0.8336031003562077
ctpnet	mean3	69004	ZAP70_Y493	0.1482855895159067	0.1468579865628636	0.20531933200729255
ctpnet	mean3	69004	LCK_Y505	0.3384367059158199	0.16487481618549552	0.7314434719323876
ctpnet	mean3	69004	STAT5A_Y694	0.2592177050155552	0.20601146003257123	0.57799046088474
ctpnet	mean3	69004	PLCG1_Y783	0.22641193640142185	0.21869448304734948	0.3798338848463766
ctpnet	rank3	69004	RPS6_pSitePending	0.46733017515632996	0.45371224502485064	0.4966443063277446
ctpnet	rank3	69004	STAT3_Y705	0.3462383881984177	0.33633116750690506	0.5847141694837846
ctpnet	rank3	69004	MAPK14_pSitePending	0.5033888822239294	0.21730716659377572	0.8178446265160791
ctpnet	rank3	69004	CREB1_S133_ATF1_S63	0.3059269900267074	0.26817113776033585	0.4347829836903554
ctpnet	rank3	69004	JUN_pSitePending	0.3318821133505299	0.24762364290823133	0.6303212931403058
ctpnet	rank3	69004	LAT_Y226	0.22536215214695354	0.2108397587938033	0.31474808989751596
ctpnet	rank3	69004	LCP2_S376	0.532553586676077	0.4600080357780946	0.7571575194357523
ctpnet	rank3	69004	MAP2K1_S298	0.310685603707391	0.21973567679897252	0.6268549135314893
ctpnet	rank3	69004	MAPK14_pSitePending_D3F9	0.5319616668839843	0.3951413398508338	0.7825992672139221
ctpnet	rank3	69004	RELA_pSitePending_93H1	0.5464052640513998	0.4360215942013149	0.835849675766187
ctpnet	rank3	69004	p-Rb	0.4597764962438994	0.40853155754315335	0.6282476260022827
ctpnet	rank3	69004	HISTONE_H3_S28	0.5221304447696313	0.477773364966258	0.731602005407388
ctpnet	rank3	69004	NFE2L2_S40	0.8062447003335261	0.5812206434112069	0.9087397533366984
ctpnet	rank3	69004	AKT_S473	0.4690048582800403	0.3157030578131723	0.8195346919296194
ctpnet	rank3	69004	EIF4EBP1_T37_T46	0.27714250601722845	0.23903295556433157	0.303296305225403
ctpnet	rank3	69004	STAT6_Y641	0.5550452683489416	0.43668671141581117	0.8369097143645703
ctpnet	rank3	69004	ZAP70_Y493	0.16327600497685119	0.15360584536924832	0.22745898357042849
ctpnet	rank3	69004	LCK_Y505	0.34041226746007314	0.17195779598152253	0.733451015004413
ctpnet	rank3	69004	STAT5A_Y694	0.2635735003641296	0.20796059566642414	0.567874300204081
ctpnet	rank3	69004	PLCG1_Y783	0.2332174892142765	0.22330931884366526	0.3733824759725269
ctpnet	single_original	69005	RPS6_pSitePending	0.4244672212546402	0.41257527247640724	0.47845779743942807
ctpnet	single_original	69005	STAT3_Y705	0.43932139844246976	0.41188972704888277	0.7122696510708113
ctpnet	single_original	69005	MAPK14_pSitePending	0.5742867574814229	0.3321832956596712	0.7927423607652418
ctpnet	single_original	69005	CREB1_S133_ATF1_S63	0.3630572967005004	0.3483786964100706	0.3668451352063985
ctpnet	single_original	69005	JUN_pSitePending	0.3404979854885315	0.2903657671790868	0.5069348675525601
ctpnet	single_original	69005	LAT_Y226	0.27318538238121215	0.27226862622790265	0.2215378079864061
ctpnet	single_original	69005	LCP2_S376	0.5639985597934133	0.49358341893504853	0.7544766062168576
ctpnet	single_original	69005	MAP2K1_S298	0.3439707825003035	0.2630033556822653	0.5587847537573609
ctpnet	single_original	69005	MAPK14_pSitePending_D3F9	0.5723437108250528	0.492484549237976	0.7729935106788153
ctpnet	single_original	69005	RELA_pSitePending_93H1	0.5571408995720742	0.4902826452616272	0.7526693375911874
ctpnet	single_original	69005	p-Rb	0.5057278556258679	0.45063472331952265	0.6011484487153195
ctpnet	single_original	69005	HISTONE_H3_S28	0.5622615048223776	0.5089912322340785	0.7274436329435285
ctpnet	single_original	69005	NFE2L2_S40	0.7763544111277433	0.6524898442054955	0.9145152628166561
ctpnet	single_original	69005	AKT_S473	0.5434330360720079	0.3557862459712346	0.8465810212990362
ctpnet	single_original	69005	EIF4EBP1_T37_T46	0.29126834499233495	0.27506246578385535	0.31594021914276504
ctpnet	single_original	69005	STAT6_Y641	0.5409374209584688	0.47052144636785176	0.7055620660358012
ctpnet	single_original	69005	ZAP70_Y493	0.20680329895164426	0.19887662390815097	0.2789521870330765
ctpnet	single_original	69005	LCK_Y505	0.3867513784165486	0.25436056240107435	0.7374340813875135
ctpnet	single_original	69005	STAT5A_Y694	0.28942006969341133	0.24295851777280858	0.5636305042041426
ctpnet	single_original	69005	PLCG1_Y783	0.27166475755452024	0.25326101088522956	0.44598482407054757
ctpnet	mean3	69005	RPS6_pSitePending	0.4519546430893807	0.4387702382835385	0.5266119413957868
ctpnet	mean3	69005	STAT3_Y705	0.4542123293127746	0.4178723705898273	0.7382734450531744
ctpnet	mean3	69005	MAPK14_pSitePending	0.5813175207734874	0.3433956920711028	0.8049156974189201
ctpnet	mean3	69005	CREB1_S133_ATF1_S63	0.36686908747036084	0.35185550649832925	0.37383324055898987
ctpnet	mean3	69005	JUN_pSitePending	0.34388191756579284	0.2925448097680309	0.5205783736210556
ctpnet	mean3	69005	LAT_Y226	0.2745412078864353	0.2757695480968822	0.2243547300266604
ctpnet	mean3	69005	LCP2_S376	0.5686893333185995	0.5016643476849922	0.7412379515424955
ctpnet	mean3	69005	MAP2K1_S298	0.34993208124363934	0.2725267779331203	0.5750520024609614
ctpnet	mean3	69005	MAPK14_pSitePending_D3F9	0.5978428901976625	0.5099105635218062	0.8097109102627955
ctpnet	mean3	69005	RELA_pSitePending_93H1	0.5696717659496928	0.49994033633555746	0.7781772771218469
ctpnet	mean3	69005	p-Rb	0.4896203969942133	0.43591568543819453	0.5613339729880176
ctpnet	mean3	69005	HISTONE_H3_S28	0.580671275964197	0.5286782268576352	0.7636890985263528
ctpnet	mean3	69005	NFE2L2_S40	0.7754629453436857	0.6563163802339907	0.9116147598744986
ctpnet	mean3	69005	AKT_S473	0.5434282952563005	0.3578600218252404	0.8431726628189729
ctpnet	mean3	69005	EIF4EBP1_T37_T46	0.3065105035589898	0.3171763162235406	0.43854444379339647
ctpnet	mean3	69005	STAT6_Y641	0.5632452061839432	0.4828118362943772	0.7820957724196526
ctpnet	mean3	69005	ZAP70_Y493	0.20780288803994154	0.20117579460039042	0.277414818504087
ctpnet	mean3	69005	LCK_Y505	0.3811523593487024	0.25111654523066185	0.7432389476459731
ctpnet	mean3	69005	STAT5A_Y694	0.31168944396574577	0.26111024591836524	0.5871575894295842
ctpnet	mean3	69005	PLCG1_Y783	0.26707183840508913	0.2501086567440121	0.44819566109044034
ctpnet	rank3	69005	RPS6_pSitePending	0.4504841598177832	0.4377231203798445	0.5168762634400728
ctpnet	rank3	69005	STAT3_Y705	0.4541552696171531	0.4186195696323735	0.7367507251047374
ctpnet	rank3	69005	MAPK14_pSitePending	0.5816013858559032	0.3435242796845954	0.8061443471127648
ctpnet	rank3	69005	CREB1_S133_ATF1_S63	0.36816334091029296	0.35469625771190977	0.3829684616060704
ctpnet	rank3	69005	JUN_pSitePending	0.3444837202556986	0.2930416630681691	0.5226002441369302
ctpnet	rank3	69005	LAT_Y226	0.27684635184745676	0.2763174757661565	0.21677555444877392
ctpnet	rank3	69005	LCP2_S376	0.5685392145264898	0.4996782600722066	0.7329314739401752
ctpnet	rank3	69005	MAP2K1_S298	0.3500675414597615	0.27148514446780825	0.5731919989453023
ctpnet	rank3	69005	MAPK14_pSitePending_D3F9	0.5964593544332429	0.5078762919407155	0.8061886590689362
ctpnet	rank3	69005	RELA_pSitePending_93H1	0.5697193989066104	0.49954324385631865	0.7799438959364837
ctpnet	rank3	69005	p-Rb	0.4926054743366638	0.4381091756676012	0.5808356282776199
ctpnet	rank3	69005	HISTONE_H3_S28	0.5805551374066742	0.5271898275449282	0.7562673951894062
ctpnet	rank3	69005	NFE2L2_S40	0.7754806640824684	0.6363617398710145	0.9004980517387865
ctpnet	rank3	69005	AKT_S473	0.5432526458000386	0.35070114650395673	0.8406893622008027
ctpnet	rank3	69005	EIF4EBP1_T37_T46	0.3078606203271222	0.2855523343751831	0.27786306506899483
ctpnet	rank3	69005	STAT6_Y641	0.5619264879563598	0.48253425748422707	0.784865086573111
ctpnet	rank3	69005	ZAP70_Y493	0.20829314843103108	0.20017568838014516	0.27428588169806345
ctpnet	rank3	69005	LCK_Y505	0.38178347362434656	0.25215092922680143	0.742474657955644
ctpnet	rank3	69005	STAT5A_Y694	0.3115550459636995	0.2605286130414309	0.584631441713298
ctpnet	rank3	69005	PLCG1_Y783	0.26746245236820904	0.2497990366553505	0.44640157618726745
scipenn	single_original	69001	RPS6_pSitePending	0.4966050482336077	0.48003788393813235	0.5454358746098639
scipenn	single_original	69001	STAT3_Y705	0.4242227516837271	0.367524575720915	0.7190249422504988
scipenn	single_original	69001	MAPK14_pSitePending	0.5277623344528556	0.3035187190224558	0.7789561842006608
scipenn	single_original	69001	CREB1_S133_ATF1_S63	0.3469403814703498	0.3236797990158478	0.3984509008662064
scipenn	single_original	69001	JUN_pSitePending	0.3498392071102099	0.30164646134166434	0.5611443417892662
scipenn	single_original	69001	LAT_Y226	0.25084178367602	0.2363001661367073	0.1779278803819495
scipenn	single_original	69001	LCP2_S376	0.4881580656995487	0.43043609891638634	0.699898670020161
scipenn	single_original	69001	MAP2K1_S298	0.3684281981325233	0.3112212566368079	0.5398667801619863
scipenn	single_original	69001	MAPK14_pSitePending_D3F9	0.5806395162493908	0.5035003425394289	0.78144163364537
scipenn	single_original	69001	RELA_pSitePending_93H1	0.5738996319984767	0.5057358144441333	0.7255713169367052
scipenn	single_original	69001	p-Rb	0.4581789889292391	0.3938088625675283	0.6532802002936853
scipenn	single_original	69001	HISTONE_H3_S28	0.5627523458592005	0.5400954536663897	0.6687915432393228
scipenn	single_original	69001	NFE2L2_S40	0.7647732570688437	0.6669848419921957	0.922783120448142
scipenn	single_original	69001	AKT_S473	0.4644135646789786	0.3698902541761339	0.8000224223670324
scipenn	single_original	69001	EIF4EBP1_T37_T46	0.25715168623682805	0.31909190175820196	0.45209868509561946
scipenn	single_original	69001	STAT6_Y641	0.5020067014250432	0.45165831555406805	0.6637872223086253
scipenn	single_original	69001	ZAP70_Y493	0.18734282242174696	0.179445123254892	0.28254683709889905
scipenn	single_original	69001	LCK_Y505	0.34169187874834733	0.2204790803035585	0.7074807668637608
scipenn	single_original	69001	STAT5A_Y694	0.2589295912305988	0.22372844621349028	0.478934365080295
scipenn	single_original	69001	PLCG1_Y783	0.2698987686650735	0.24878992395732014	0.46284411471378334
scipenn	mean3	69001	RPS6_pSitePending	0.5192051973198211	0.504041392766865	0.5697740875769636
scipenn	mean3	69001	STAT3_Y705	0.443937555781369	0.38949557643792077	0.7369289573793892
scipenn	mean3	69001	MAPK14_pSitePending	0.5368942650668518	0.32524500849666826	0.7889459678396583
scipenn	mean3	69001	CREB1_S133_ATF1_S63	0.37012694878273167	0.3456849348530915	0.43072683746461327
scipenn	mean3	69001	JUN_pSitePending	0.36152333950560417	0.3129161900639793	0.5745972801201458
scipenn	mean3	69001	LAT_Y226	0.27939417404734657	0.2622093209012167	0.26074579628475825
scipenn	mean3	69001	LCP2_S376	0.5122051572434088	0.4509594874828643	0.7246324402873497
scipenn	mean3	69001	MAP2K1_S298	0.3739853842265354	0.3152226042972179	0.5371371513680979
scipenn	mean3	69001	MAPK14_pSitePending_D3F9	0.603644316220501	0.5273526494754301	0.8102181075338172
scipenn	mean3	69001	RELA_pSitePending_93H1	0.5930355258794572	0.5161686521067247	0.7838761293474331
scipenn	mean3	69001	p-Rb	0.4785161009737621	0.41446511200341385	0.6900915941547815
scipenn	mean3	69001	HISTONE_H3_S28	0.5862811828523496	0.5624029899448979	0.720272007068291
scipenn	mean3	69001	NFE2L2_S40	0.7826045013104982	0.6894223602901869	0.935039086465387
scipenn	mean3	69001	AKT_S473	0.4727360050705667	0.3797372794948435	0.8020345192258094
scipenn	mean3	69001	EIF4EBP1_T37_T46	0.2756087444345523	0.32349057037992957	0.45067224140579604
scipenn	mean3	69001	STAT6_Y641	0.5183535005561284	0.4666477571218543	0.6861790487385754
scipenn	mean3	69001	ZAP70_Y493	0.18974286734164741	0.18358870899491964	0.2739914797411
scipenn	mean3	69001	LCK_Y505	0.343908126105725	0.23019428733150535	0.7160575577184917
scipenn	mean3	69001	STAT5A_Y694	0.2712084843170799	0.23563340074664496	0.48985429635812605
scipenn	mean3	69001	PLCG1_Y783	0.28382634536761064	0.26095111301363433	0.482992936836807
scipenn	rank3	69001	RPS6_pSitePending	0.5191845796591129	0.5033998828875027	0.5863098617351471
scipenn	rank3	69001	STAT3_Y705	0.444196342716958	0.38991456777849415	0.734698171194234
scipenn	rank3	69001	MAPK14_pSitePending	0.5369639448318289	0.32179093571536854	0.7891930908601694
scipenn	rank3	69001	CREB1_S133_ATF1_S63	0.3702315224587739	0.3464924346276947	0.43433015826368887
scipenn	rank3	69001	JUN_pSitePending	0.3618583697894424	0.3126164608842916	0.5728841164779531
scipenn	rank3	69001	LAT_Y226	0.27952036940232555	0.2600468185857959	0.26253099771864424
scipenn	rank3	69001	LCP2_S376	0.511791322678761	0.449184610612272	0.7316019773658213
scipenn	rank3	69001	MAP2K1_S298	0.3742621620844458	0.3148054693528643	0.5398421465926125
scipenn	rank3	69001	MAPK14_pSitePending_D3F9	0.603973808597896	0.5254168220287815	0.8085087604633702
scipenn	rank3	69001	RELA_pSitePending_93H1	0.5928604508311356	0.5151532546638667	0.77986061879986
scipenn	rank3	69001	p-Rb	0.4784046574415507	0.4153036997160855	0.6903763235155207
scipenn	rank3	69001	HISTONE_H3_S28	0.5859304636713559	0.5565548934444061	0.7107773307088042
scipenn	rank3	69001	NFE2L2_S40	0.7819086314558055	0.6607324884699279	0.9312873964397113
scipenn	rank3	69001	AKT_S473	0.4720428546085855	0.3642055430376389	0.7980691007094469
scipenn	rank3	69001	EIF4EBP1_T37_T46	0.2691075703164364	0.2586308404076959	0.24984471323711124
scipenn	rank3	69001	STAT6_Y641	0.5184178219002411	0.4672462014201823	0.6880692058954585
scipenn	rank3	69001	ZAP70_Y493	0.1901644895813911	0.183953703136926	0.2792631200930977
scipenn	rank3	69001	LCK_Y505	0.3434248245344365	0.23084591246922614	0.7197906419569091
scipenn	rank3	69001	STAT5A_Y694	0.27029741298111687	0.2346091545549714	0.4913308330804174
scipenn	rank3	69001	PLCG1_Y783	0.28451177383277954	0.2606701644982494	0.480702936184058
scipenn	single_original	69002	RPS6_pSitePending	0.4749042065129607	0.45278800696747784	0.6370908777056477
scipenn	single_original	69002	STAT3_Y705	0.4230150661614332	0.36806887425864504	0.6425844753925539
scipenn	single_original	69002	MAPK14_pSitePending	0.5026544286027177	0.2850586142115217	0.7352315251499626
scipenn	single_original	69002	CREB1_S133_ATF1_S63	0.3406931655771772	0.3117953122681484	0.4168383608598889
scipenn	single_original	69002	JUN_pSitePending	0.34665136555463016	0.26396473434150025	0.5903327230020898
scipenn	single_original	69002	LAT_Y226	0.2601329367559004	0.24618998780118637	0.2881965636501507
scipenn	single_original	69002	LCP2_S376	0.4746585016273972	0.40375780580529885	0.7037439814557941
scipenn	single_original	69002	MAP2K1_S298	0.33320975949523174	0.27260726118402	0.529664564414606
scipenn	single_original	69002	MAPK14_pSitePending_D3F9	0.6084201258942099	0.5020117189971374	0.8607008328863736
scipenn	single_original	69002	RELA_pSitePending_93H1	0.5802988783816149	0.4899252885905183	0.7903723005746301
scipenn	single_original	69002	p-Rb	0.4849932888548158	0.409021138357911	0.6419840080884301
scipenn	single_original	69002	HISTONE_H3_S28	0.5625071853085175	0.5548931758809155	0.644515341508073
scipenn	single_original	69002	NFE2L2_S40	0.7841748943903525	0.6664886334136251	0.9288631193475004
scipenn	single_original	69002	AKT_S473	0.49080041685786946	0.3674644392960406	0.7845602817018288
scipenn	single_original	69002	EIF4EBP1_T37_T46	0.2720506989596103	0.3751993682775733	0.5936304526978642
scipenn	single_original	69002	STAT6_Y641	0.5253688249436559	0.44309890534176594	0.7392794392350515
scipenn	single_original	69002	ZAP70_Y493	0.18264223058362927	0.16716031779800697	0.2714921079972677
scipenn	single_original	69002	LCK_Y505	0.34969856597053206	0.247291735900506	0.668709016475558
scipenn	single_original	69002	STAT5A_Y694	0.2610144901920431	0.22321704317792318	0.4588453207461428
scipenn	single_original	69002	PLCG1_Y783	0.24966255151999558	0.228940307300542	0.33150542208412703
scipenn	mean3	69002	RPS6_pSitePending	0.4962812459624265	0.47148852232529714	0.6708693212993273
scipenn	mean3	69002	STAT3_Y705	0.43580648703205	0.38677670529891706	0.6243232412904498
scipenn	mean3	69002	MAPK14_pSitePending	0.5321969840397117	0.32410402762937257	0.7437656821222265
scipenn	mean3	69002	CREB1_S133_ATF1_S63	0.36255933357957904	0.32884081240493906	0.4242948824649984
scipenn	mean3	69002	JUN_pSitePending	0.35173098888435705	0.27529807850780597	0.5956728131338351
scipenn	mean3	69002	LAT_Y226	0.28511528514663637	0.26362749490384474	0.28570098701042496
scipenn	mean3	69002	LCP2_S376	0.4942660011326038	0.42352430049527584	0.7384428538842343
scipenn	mean3	69002	MAP2K1_S298	0.36725643369287286	0.302232794597442	0.5419710616681154
scipenn	mean3	69002	MAPK14_pSitePending_D3F9	0.6085448840966255	0.5094076174604965	0.8649509577268552
scipenn	mean3	69002	RELA_pSitePending_93H1	0.5814851818336316	0.49266257924958584	0.7918098479103861
scipenn	mean3	69002	p-Rb	0.4912612263596386	0.4223153073332233	0.6137830056656001
scipenn	mean3	69002	HISTONE_H3_S28	0.5806044693780703	0.5710357506487862	0.6905090409168532
scipenn	mean3	69002	NFE2L2_S40	0.7894844668131485	0.6763441843763299	0.934521321521266
scipenn	mean3	69002	AKT_S473	0.5098273372583955	0.3802919721812384	0.7945230477106413
scipenn	mean3	69002	EIF4EBP1_T37_T46	0.27835274805740934	0.4032623136438341	0.496384326259712
scipenn	mean3	69002	STAT6_Y641	0.5381286136600101	0.4587644361438495	0.7480860875301313
scipenn	mean3	69002	ZAP70_Y493	0.20160606606190606	0.1815972065270926	0.32119929528289604
scipenn	mean3	69002	LCK_Y505	0.3660325600404454	0.26456791315865047	0.6689972285404541
scipenn	mean3	69002	STAT5A_Y694	0.2719360738745723	0.23317540983952795	0.4598908986329103
scipenn	mean3	69002	PLCG1_Y783	0.2504673864369972	0.2343729993377288	0.34844427182550686
scipenn	rank3	69002	RPS6_pSitePending	0.4966890137789214	0.4744563037288923	0.6602101019068227
scipenn	rank3	69002	STAT3_Y705	0.43605144329124584	0.38702875210222876	0.6248688404322871
scipenn	rank3	69002	MAPK14_pSitePending	0.5310497273872058	0.32394489924915504	0.7425000154124051
scipenn	rank3	69002	CREB1_S133_ATF1_S63	0.3607319606697021	0.3296430945348838	0.40810692510187596
scipenn	rank3	69002	JUN_pSitePending	0.3516588166382873	0.2760644069741354	0.601463561991776
scipenn	rank3	69002	LAT_Y226	0.28407178780477615	0.26235165933792076	0.2749733365391136
scipenn	rank3	69002	LCP2_S376	0.4936438692343541	0.4211404086015016	0.7344411770145555
scipenn	rank3	69002	MAP2K1_S298	0.3668768671288331	0.30408105501460597	0.5419124945285961
scipenn	rank3	69002	MAPK14_pSitePending_D3F9	0.6065632444480196	0.5079140005767594	0.8613013001904973
scipenn	rank3	69002	RELA_pSitePending_93H1	0.5819447693283425	0.4938386137881081	0.7898722003366069
scipenn	rank3	69002	p-Rb	0.49115336241921337	0.41908250264867325	0.6287761933825297
scipenn	rank3	69002	HISTONE_H3_S28	0.5807724911904983	0.5588162116524265	0.6510631477063259
scipenn	rank3	69002	NFE2L2_S40	0.788595818148039	0.6414195866912126	0.9283625244286622
scipenn	rank3	69002	AKT_S473	0.5089384720517052	0.3693185824562703	0.7952696246154605
scipenn	rank3	69002	EIF4EBP1_T37_T46	0.2728727440990571	0.28663788644994226	0.29580941263469446
scipenn	rank3	69002	STAT6_Y641	0.5382135054248186	0.4576060525673434	0.7495323876281541
scipenn	rank3	69002	ZAP70_Y493	0.20099569176293766	0.18261927306093903	0.31817075627323255
scipenn	rank3	69002	LCK_Y505	0.36574885998727363	0.2628496608790417	0.6675992200705382
scipenn	rank3	69002	STAT5A_Y694	0.27186807852216444	0.23293536026980463	0.46334913516346604
scipenn	rank3	69002	PLCG1_Y783	0.25080555088319817	0.23491074510997723	0.34493332593537884
scipenn	single_original	69003	RPS6_pSitePending	0.514093227675638	0.5064262827732384	0.569065411180759
scipenn	single_original	69003	STAT3_Y705	0.46007874954596184	0.3804581047666686	0.7590061787225995
scipenn	single_original	69003	MAPK14_pSitePending	0.5620516206512157	0.2239796330871102	0.7835642992761216
scipenn	single_original	69003	CREB1_S133_ATF1_S63	0.2688561028541928	0.29105982354111837	0.2108794954167631
scipenn	single_original	69003	JUN_pSitePending	0.3291009123856154	0.2768579236374526	0.5025083696131514
scipenn	single_original	69003	LAT_Y226	0.18077490139200364	0.17147893996472896	0.1769475335292542
scipenn	single_original	69003	LCP2_S376	0.48559254088746007	0.4343040238711307	0.6396417021057758
scipenn	single_original	69003	MAP2K1_S298	0.35169186179298806	0.23788594496875787	0.6525424502048377
scipenn	single_original	69003	MAPK14_pSitePending_D3F9	0.5669442549682512	0.46963293235829495	0.7489973780450884
scipenn	single_original	69003	RELA_pSitePending_93H1	0.5668035870853558	0.48086350812287704	0.7611939060492424
scipenn	single_original	69003	p-Rb	0.4153627983412926	0.3819933997188363	0.5397316166620632
scipenn	single_original	69003	HISTONE_H3_S28	0.5677611973802639	0.5526511544121843	0.6663829879005201
scipenn	single_original	69003	NFE2L2_S40	0.7719615812452143	0.6336170974219205	0.9144940771689191
scipenn	single_original	69003	AKT_S473	0.45999997416025373	0.33115025267541515	0.8113578128692158
scipenn	single_original	69003	EIF4EBP1_T37_T46	0.2599060660845351	0.279618153148515	0.48267505869544214
scipenn	single_original	69003	STAT6_Y641	0.47425172979784497	0.43733907384662374	0.5668747807088486
scipenn	single_original	69003	ZAP70_Y493	0.19725686773215168	0.1775273930624071	0.3560719885010522
scipenn	single_original	69003	LCK_Y505	0.36723101341618436	0.1901678345188585	0.7173454964073094
scipenn	single_original	69003	STAT5A_Y694	0.2542977047583199	0.23931902098288865	0.3446309588747675
scipenn	single_original	69003	PLCG1_Y783	0.2664341632756235	0.24458672392814135	0.4820460127883679
scipenn	mean3	69003	RPS6_pSitePending	0.4954823508232831	0.5089840407578495	0.4480490449066805
scipenn	mean3	69003	STAT3_Y705	0.4754099629548164	0.402901048524869	0.767640132748391
scipenn	mean3	69003	MAPK14_pSitePending	0.5846692936669322	0.2753918034413189	0.8029021499034912
scipenn	mean3	69003	CREB1_S133_ATF1_S63	0.36850517693514323	0.3472444536911589	0.4651431789772468
scipenn	mean3	69003	JUN_pSitePending	0.34204796024726963	0.30005843097463863	0.5160129733280787
scipenn	mean3	69003	LAT_Y226	0.24930995642957157	0.23300179512761568	0.25221613667676135
scipenn	mean3	69003	LCP2_S376	0.5022545683248594	0.4648345889243182	0.643071975606944
scipenn	mean3	69003	MAP2K1_S298	0.36676205817132956	0.26549572324874404	0.6708944756463439
scipenn	mean3	69003	MAPK14_pSitePending_D3F9	0.5812204184189336	0.4925571556969876	0.7636039313563743
scipenn	mean3	69003	RELA_pSitePending_93H1	0.5653576902491055	0.49604896146659616	0.7527316523292764
scipenn	mean3	69003	p-Rb	0.45613105425766787	0.4145869605734127	0.5856125097359052
scipenn	mean3	69003	HISTONE_H3_S28	0.5355259555621773	0.5563083049946279	0.5178062341312006
scipenn	mean3	69003	NFE2L2_S40	0.7710752105046563	0.6379867758801068	0.91908809718735
scipenn	mean3	69003	AKT_S473	0.47566117420179777	0.3506083906797776	0.8169196567942827
scipenn	mean3	69003	EIF4EBP1_T37_T46	0.2670075022500383	0.29360584667922895	0.42480643270904134
scipenn	mean3	69003	STAT6_Y641	0.49550332041608697	0.46749620440802436	0.587906823967372
scipenn	mean3	69003	ZAP70_Y493	0.2099798591721411	0.1988906625318436	0.3323453304812156
scipenn	mean3	69003	LCK_Y505	0.3925330050055341	0.22253108617067924	0.7403427640289106
scipenn	mean3	69003	STAT5A_Y694	0.27158366014868324	0.2328470108714093	0.4624538775708286
scipenn	mean3	69003	PLCG1_Y783	0.2830865631877121	0.2524282847261093	0.5661588580683211
scipenn	rank3	69003	RPS6_pSitePending	0.4958330288670822	0.5067330347208259	0.4319444686373217
scipenn	rank3	69003	STAT3_Y705	0.4743819367788565	0.4014339337109606	0.7703276157960963
scipenn	rank3	69003	MAPK14_pSitePending	0.5874774407138085	0.2810889514678976	0.812253595545414
scipenn	rank3	69003	CREB1_S133_ATF1_S63	0.3702446361073804	0.34761161496409637	0.4734179724599345
scipenn	rank3	69003	JUN_pSitePending	0.34174390786202646	0.2960754088193178	0.5208848663272573
scipenn	rank3	69003	LAT_Y226	0.2603695759619765	0.2424125361138132	0.2686914860702943
scipenn	rank3	69003	LCP2_S376	0.5033275928319728	0.45816637647166825	0.6423926396143296
scipenn	rank3	69003	MAP2K1_S298	0.3651709141598499	0.2665116773075083	0.6664713264636623
scipenn	rank3	69003	MAPK14_pSitePending_D3F9	0.5842876493689413	0.48677660354986485	0.7636752657829493
scipenn	rank3	69003	RELA_pSitePending_93H1	0.5658542783345323	0.49021600850209474	0.7533678558779153
scipenn	rank3	69003	p-Rb	0.45970392869364074	0.41170052098592497	0.5877649845842987
scipenn	rank3	69003	HISTONE_H3_S28	0.5355892667237162	0.5527677508985481	0.45252362123410217
scipenn	rank3	69003	NFE2L2_S40	0.7722231352265113	0.5880285416157456	0.9191312296313254
scipenn	rank3	69003	AKT_S473	0.4770941077488673	0.34379236164045424	0.8161582031851491
scipenn	rank3	69003	EIF4EBP1_T37_T46	0.2678974109924667	0.2630871084838066	0.24078095469559055
scipenn	rank3	69003	STAT6_Y641	0.4964239409021243	0.4655757918487972	0.5869599838751017
scipenn	rank3	69003	ZAP70_Y493	0.2100505410173416	0.19943155471353888	0.32112280422355405
scipenn	rank3	69003	LCK_Y505	0.3942578162739191	0.2214241219941147	0.7449081678030621
scipenn	rank3	69003	STAT5A_Y694	0.26914488327971303	0.2318139875909386	0.4486077395165105
scipenn	rank3	69003	PLCG1_Y783	0.2829294180265119	0.24927976078352426	0.5749885688631508
scipenn	single_original	69004	RPS6_pSitePending	0.40673595454679373	0.39730846488514254	0.45239252066993124
scipenn	single_original	69004	STAT3_Y705	0.3265951373766214	0.30387184068350453	0.5749484021744172
scipenn	single_original	69004	MAPK14_pSitePending	0.4911565198772712	0.17909368961093666	0.806078404676509
scipenn	single_original	69004	CREB1_S133_ATF1_S63	0.24042969486479482	0.20654473356043349	0.3562625035064237
scipenn	single_original	69004	JUN_pSitePending	0.3060688400435535	0.23101087311731025	0.6231252697841357
scipenn	single_original	69004	LAT_Y226	0.13703606520965386	0.13480520813679062	0.1522011715870228
scipenn	single_original	69004	LCP2_S376	0.4979453898029536	0.4359255432319386	0.7560026071774594
scipenn	single_original	69004	MAP2K1_S298	0.27645077556297565	0.17074192278254802	0.6037949262506133
scipenn	single_original	69004	MAPK14_pSitePending_D3F9	0.5219629517128176	0.3962165703164732	0.742098482144654
scipenn	single_original	69004	RELA_pSitePending_93H1	0.5308692590930993	0.41241343778564327	0.8174675961273475
scipenn	single_original	69004	p-Rb	0.40941634581148045	0.37732774011911363	0.6088790245837777
scipenn	single_original	69004	HISTONE_H3_S28	0.39888541347581385	0.45760417933276376	0.26212319036707893
scipenn	single_original	69004	NFE2L2_S40	0.7642386417260307	0.5491030673170783	0.8943029393995525
scipenn	single_original	69004	AKT_S473	0.475526309589302	0.35250000974523016	0.8229402866827364
scipenn	single_original	69004	EIF4EBP1_T37_T46	0.21887873037772276	0.21788628896139364	0.33656451388338426
scipenn	single_original	69004	STAT6_Y641	0.5347042582462971	0.4201692949391387	0.8196739221058503
scipenn	single_original	69004	ZAP70_Y493	0.1616367700225603	0.15729619532290537	0.2425348599093895
scipenn	single_original	69004	LCK_Y505	0.3420052096892278	0.17523352399511982	0.7199649912087849
scipenn	single_original	69004	STAT5A_Y694	0.2350308933936349	0.1850517190747834	0.5278195445489333
scipenn	single_original	69004	PLCG1_Y783	0.21129009926644665	0.2126599512718953	0.36540158870255957
scipenn	mean3	69004	RPS6_pSitePending	0.45691526270870114	0.43879671256168223	0.5773513984829249
scipenn	mean3	69004	STAT3_Y705	0.349453931514581	0.330240521362574	0.5878548572644269
scipenn	mean3	69004	MAPK14_pSitePending	0.5084322232565359	0.22571478145176796	0.8040978028328207
scipenn	mean3	69004	CREB1_S133_ATF1_S63	0.2864520513557965	0.25556616630553963	0.40591058794151674
scipenn	mean3	69004	JUN_pSitePending	0.3268934662353457	0.24605475660453718	0.6409643928065231
scipenn	mean3	69004	LAT_Y226	0.21642015214955992	0.2048141535748107	0.3004570774723521
scipenn	mean3	69004	LCP2_S376	0.5158261756934843	0.44695415720896364	0.7563771733152841
scipenn	mean3	69004	MAP2K1_S298	0.3012301845100183	0.2125128785168213	0.6160729943975256
scipenn	mean3	69004	MAPK14_pSitePending_D3F9	0.5433341546325281	0.420960300477367	0.7686257324472435
scipenn	mean3	69004	RELA_pSitePending_93H1	0.540563393150866	0.4248340519451028	0.8359346924224696
scipenn	mean3	69004	p-Rb	0.4496947918892729	0.4055016104184163	0.6311702275776784
scipenn	mean3	69004	HISTONE_H3_S28	0.4773354755823896	0.4873979070093197	0.573469381887838
scipenn	mean3	69004	NFE2L2_S40	0.7794439758522896	0.5874394589183661	0.9021565070393383
scipenn	mean3	69004	AKT_S473	0.4759201174172319	0.33904867479345097	0.8282684078515963
scipenn	mean3	69004	EIF4EBP1_T37_T46	0.2628207257535275	0.26783763346705597	0.4800574827653893
scipenn	mean3	69004	STAT6_Y641	0.5463879013688643	0.4317028267086948	0.8298130824616389
scipenn	mean3	69004	ZAP70_Y493	0.16607034276842364	0.15577052887639312	0.25970206385120526
scipenn	mean3	69004	LCK_Y505	0.3440860418012516	0.1890349280573868	0.7187431334675255
scipenn	mean3	69004	STAT5A_Y694	0.26100882138730414	0.22078175262554933	0.5503173339105156
scipenn	mean3	69004	PLCG1_Y783	0.22418487421335773	0.21653858661482084	0.3791171985409992
scipenn	rank3	69004	RPS6_pSitePending	0.45640475878401093	0.4377739073611573	0.5654679591936478
scipenn	rank3	69004	STAT3_Y705	0.349158792454339	0.32832397201755004	0.5839543587875393
scipenn	rank3	69004	MAPK14_pSitePending	0.5050273266909869	0.22278427286343716	0.8035195252867053
scipenn	rank3	69004	CREB1_S133_ATF1_S63	0.2865785433901745	0.257283476282247	0.4070231972259107
scipenn	rank3	69004	JUN_pSitePending	0.32473427068314137	0.23981068513877282	0.6369143964412931
scipenn	rank3	69004	LAT_Y226	0.2133352555331036	0.20321268710383897	0.28636525866214996
scipenn	rank3	69004	LCP2_S376	0.5172777086754834	0.4471061504615634	0.7592049012307701
scipenn	rank3	69004	MAP2K1_S298	0.3015795198898178	0.2098259694069277	0.6174418857762206
scipenn	rank3	69004	MAPK14_pSitePending_D3F9	0.5423990651487861	0.4105178334927638	0.7837800541067357
scipenn	rank3	69004	RELA_pSitePending_93H1	0.5402483369355241	0.42609264815172326	0.8364805239983129
scipenn	rank3	69004	p-Rb	0.4529473476088559	0.4090010619041752	0.6426934755260868
scipenn	rank3	69004	HISTONE_H3_S28	0.47618865656649906	0.4847663566383869	0.43916852888738667
scipenn	rank3	69004	NFE2L2_S40	0.7800338141920753	0.5350188687895387	0.8956188493837526
scipenn	rank3	69004	AKT_S473	0.47967080357965003	0.32363859177524484	0.8259314765750362
scipenn	rank3	69004	EIF4EBP1_T37_T46	0.26390180316912687	0.22490997542005664	0.29911447143666237
scipenn	rank3	69004	STAT6_Y641	0.5465135696229676	0.43138998900059483	0.8296336028539312
scipenn	rank3	69004	ZAP70_Y493	0.16663936322510575	0.15526843500662424	0.24882732459975435
scipenn	rank3	69004	LCK_Y505	0.34428693435502616	0.18960907946000155	0.716343774501328
scipenn	rank3	69004	STAT5A_Y694	0.26136088214591807	0.21866443413780073	0.5529319041225685
scipenn	rank3	69004	PLCG1_Y783	0.22459659761219444	0.21561451688121688	0.37582495932959237
scipenn	single_original	69005	RPS6_pSitePending	0.4284352656610922	0.42874415239453606	0.47771808785835096
scipenn	single_original	69005	STAT3_Y705	0.4306790500979201	0.38595131508568453	0.739537617554859
scipenn	single_original	69005	MAPK14_pSitePending	0.5659775435134797	0.31798631164348085	0.8033827234640962
scipenn	single_original	69005	CREB1_S133_ATF1_S63	0.34212572239962696	0.31885176320109465	0.390743597722843
scipenn	single_original	69005	JUN_pSitePending	0.34013076805428283	0.2729743462409096	0.5449203382577599
scipenn	single_original	69005	LAT_Y226	0.23218500625560232	0.24801880061351805	0.07969816599771481
scipenn	single_original	69005	LCP2_S376	0.5709660648418217	0.49060875227621087	0.7770332229806932
scipenn	single_original	69005	MAP2K1_S298	0.3141175768311503	0.24084017795323784	0.5796201623062726
scipenn	single_original	69005	MAPK14_pSitePending_D3F9	0.5930397702680222	0.48613340951086675	0.8164679342571705
scipenn	single_original	69005	RELA_pSitePending_93H1	0.5560217206827311	0.4822661286450535	0.782882767409838
scipenn	single_original	69005	p-Rb	0.5048265741476202	0.4204977815084585	0.669097720680866
scipenn	single_original	69005	HISTONE_H3_S28	0.5409916139340273	0.5091312569199893	0.742152755398002
scipenn	single_original	69005	NFE2L2_S40	0.7697500052455414	0.6395407828081198	0.919482231176998
scipenn	single_original	69005	AKT_S473	0.5402973282558443	0.3731444605911599	0.854851243664489
scipenn	single_original	69005	EIF4EBP1_T37_T46	0.2844594834483512	0.3214009110067552	0.4838568980165822
scipenn	single_original	69005	STAT6_Y641	0.5483266173542395	0.44468786518295367	0.7978389681539859
scipenn	single_original	69005	ZAP70_Y493	0.17984588731059628	0.18713702614167146	0.16283784779738958
scipenn	single_original	69005	LCK_Y505	0.3700737797222302	0.22298031363434706	0.7475287844607857
scipenn	single_original	69005	STAT5A_Y694	0.29587898149574776	0.23725410419209195	0.6282823806873115
scipenn	single_original	69005	PLCG1_Y783	0.24414153848598993	0.2316469235069003	0.4642904227580347
scipenn	mean3	69005	RPS6_pSitePending	0.4766362241722207	0.4670131437541894	0.5701396009726658
scipenn	mean3	69005	STAT3_Y705	0.4479689193554492	0.4121705148078213	0.7332032051094248
scipenn	mean3	69005	MAPK14_pSitePending	0.571338991444677	0.3339445612666529	0.8028894325139895
scipenn	mean3	69005	CREB1_S133_ATF1_S63	0.3674549542349111	0.3425019666539625	0.4168773620836141
scipenn	mean3	69005	JUN_pSitePending	0.34934893257657834	0.2887099328487251	0.5494871668809503
scipenn	mean3	69005	LAT_Y226	0.25876513511548804	0.26462268251463483	0.12143636656607974
scipenn	mean3	69005	LCP2_S376	0.5689089299324896	0.49821183725947	0.7622864969384466
scipenn	mean3	69005	MAP2K1_S298	0.334148132773657	0.2699417387285006	0.5748513169073917
scipenn	mean3	69005	MAPK14_pSitePending_D3F9	0.6032481445917094	0.5060139379802754	0.8161811882928544
scipenn	mean3	69005	RELA_pSitePending_93H1	0.5695981167364095	0.5007945642417571	0.7899217765798494
scipenn	mean3	69005	p-Rb	0.5235917869638906	0.44462665077179103	0.6625673834705417
scipenn	mean3	69005	HISTONE_H3_S28	0.5831658618967679	0.5314442730813517	0.7933041338294319
scipenn	mean3	69005	NFE2L2_S40	0.7717528845476076	0.6527779632733466	0.9157966630533502
scipenn	mean3	69005	AKT_S473	0.5586085598644432	0.3927517034946614	0.8576256848211409
scipenn	mean3	69005	EIF4EBP1_T37_T46	0.3164970426137046	0.34506830066362426	0.4502959013271614
scipenn	mean3	69005	STAT6_Y641	0.560346870018249	0.465697978562341	0.8040876864031875
scipenn	mean3	69005	ZAP70_Y493	0.20329010154055216	0.204653685734329	0.19487409545015089
scipenn	mean3	69005	LCK_Y505	0.3874412097399794	0.2521861795355995	0.7543927430931943
scipenn	mean3	69005	STAT5A_Y694	0.31555613562929713	0.260401601358207	0.6177573755603082
scipenn	mean3	69005	PLCG1_Y783	0.2598655393328613	0.2451986618197871	0.4646529751267102
scipenn	rank3	69005	RPS6_pSitePending	0.4750799199031284	0.466341319091426	0.5424050771980194
scipenn	rank3	69005	STAT3_Y705	0.4477242728545053	0.4139802737455608	0.7342106612369261
scipenn	rank3	69005	MAPK14_pSitePending	0.5700407608943613	0.3331054400389384	0.8009924413324349
scipenn	rank3	69005	CREB1_S133_ATF1_S63	0.3681805889288656	0.3439031640629836	0.40413785779158
scipenn	rank3	69005	JUN_pSitePending	0.3498663599170883	0.28931174092600886	0.5530524486065973
scipenn	rank3	69005	LAT_Y226	0.26014262797715776	0.26445702258548853	0.0935264260393168
scipenn	rank3	69005	LCP2_S376	0.568803380824337	0.4947740377244363	0.7464491840740632
scipenn	rank3	69005	MAP2K1_S298	0.3358523409379853	0.26803577433550274	0.5700513432748366
scipenn	rank3	69005	MAPK14_pSitePending_D3F9	0.6043453376199281	0.5049554107992964	0.8183345296340785
scipenn	rank3	69005	RELA_pSitePending_93H1	0.571632611314703	0.5023988672318892	0.7973346907684645
scipenn	rank3	69005	p-Rb	0.5232729932244841	0.44417399799024254	0.6597687721559781
scipenn	rank3	69005	HISTONE_H3_S28	0.5825500699245809	0.527213588271116	0.773956654850145
scipenn	rank3	69005	NFE2L2_S40	0.7717037263330463	0.6304764531724494	0.9004174845457475
scipenn	rank3	69005	AKT_S473	0.557551846334284	0.37663365307436986	0.8499747311985468
scipenn	rank3	69005	EIF4EBP1_T37_T46	0.31267245153221457	0.2854381376916764	0.17817800955087454
scipenn	rank3	69005	STAT6_Y641	0.5608184742024229	0.46754389492880044	0.8057301584976415
scipenn	rank3	69005	ZAP70_Y493	0.20417259290787357	0.2017614605961513	0.1844274602291038
scipenn	rank3	69005	LCK_Y505	0.38695720203362993	0.2538300557385249	0.7533398763659801
scipenn	rank3	69005	STAT5A_Y694	0.3154393815054261	0.2594934939865539	0.6149104239299212
scipenn	rank3	69005	PLCG1_Y783	0.2591737124171471	0.24433126589914847	0.4482275217531421
