dataset_id	feature_id	target_id	site_id	target_index	protein_symbol	residue	canonical_label	evaluation_tier	include_in_loss	n_observed	variance	n_nonzero	n_datasets	n_observed_feature	variance_feature	n_nonzero_feature	n_cells_feature	value_transform	panel_order	source_target_order	n_observed_cells	observed_variance
gse300551_iccite_plex_kinase_2025	intra_B1126_RPS6Pho	RPS6_pSitePending		0	RPS6	pending_antibody_clone	RPS6_pending_antibody_clone	main	True	55231	0.2974191009998321	55231	1	55231	0.2974191009998321	55231	55231	log1p_tsb_umi	0	0	55231	0.2974191009998321
gse300551_iccite_plex_kinase_2025	intra_B1073_anti-STAT3_Phospho_Tyr705	STAT3_Y705	STAT3_Y705	1	STAT3	Y705	STAT3_Y705	main	True	55231	0.1853476762771606	55231	1	55231	0.1853476762771606	55231	55231	log1p_tsb_umi	1	1	55231	0.1853476762771606
gse300551_iccite_plex_kinase_2025	intra_BHMIgG1003_phospho_p38_A16016A	MAPK14_pSitePending		2	MAPK14	pending_antibody_clone	MAPK14_pending_antibody_clone	main	True	55231	0.2504537105560303	55231	1	55231	0.2504537105560303	55231	55231	log1p_tsb_umi	2	2	55231	0.2504537105560303
gse300551_iccite_plex_kinase_2025	intra_phospho-CREB_pS133_ATF-1_pS63_J151-21	CREB1_S133_ATF1_S63	CREB1_S133_ATF1_S63	5	CREB1;ATF1	S133;S63	CREB1;ATF1_S133;S63	strict_site	True	55231	0.2694713771343231	55231	1	55231	0.2694713771343231	55231	55231	log1p_tsb_umi	3	5	55231	0.2694713771343231
gse300551_iccite_plex_kinase_2025	intra_BHM0010_phospho_c_Jun	JUN_pSitePending		8	JUN	pending_antibody_clone	JUN_pending_antibody_clone	pending_confirmation	True	55231	0.2586978375911712	55222	1	55231	0.2586978375911712	55222	55231	log1p_tsb_umi	4	8	55231	0.2586978375911712
gse300551_iccite_plex_kinase_2025	intra_phospho-LAT_pY226_J96-1238.58.93	LAT_Y226	LAT_Y226	9	LAT	Y226	LAT_Y226	strict_site	True	55231	0.260433554649353	55231	1	55231	0.260433554649353	55231	55231	log1p_tsb_umi	5	9	55231	0.260433554649353
gse300551_iccite_plex_kinase_2025	intra_phospho-SLP-76_Ser376_E3G9U	LCP2_S376	LCP2_S376	10	LCP2	S376	LCP2_S376	strict_site	True	55231	0.2750178873538971	55231	1	55231	0.2750178873538971	55231	55231	log1p_tsb_umi	6	10	55231	0.2750178873538971
gse300551_iccite_plex_kinase_2025	intra_phospho-MEK1_pS298_J114-64	MAP2K1_S298	MAP2K1_S298	11	MAP2K1	S298	MAP2K1_S298	strict_site	True	55231	0.2398159950971603	55231	1	55231	0.2398159950971603	55231	55231	log1p_tsb_umi	7	11	55231	0.2398159950971603
gse300551_iccite_plex_kinase_2025	intra_BHM0007_phospho_p38_D3F9	MAPK14_pSitePending_D3F9		12	MAPK14	pending_antibody_clone	MAPK14_pending_antibody_clone	pending_confirmation	True	55231	0.3175464868545532	55231	1	55231	0.3175464868545532	55231	55231	log1p_tsb_umi	8	12	55231	0.3175464868545532
gse300551_iccite_plex_kinase_2025	intra_BHM0008_phospho_p65_93H1	RELA_pSitePending_93H1		18	RELA	pending_antibody_clone	RELA_pending_antibody_clone	pending_confirmation	True	55231	0.4804613590240478	55231	1	55231	0.4804613590240478	55231	55231	log1p_tsb_umi	9	18	55231	0.4804613590240478
gse300551_iccite_plex_kinase_2025	intra_phophorylated_Rb	p-Rb		37	RB1	pending_antibody_clone	RB1_pending_antibody_clone	pending_confirmation	True	55231	0.2543449997901916	55231	1	55231	0.2543449997901916	55231	55231	log1p_tsb_umi	10	34	55231	0.2543449997901916
gse300551_iccite_plex_kinase_2025	intra_B0042_HistoneH31PhoSer28	HISTONE_H3_S28	HISTONE_H3_S28	46	H3F3A;H3F3B	S28	H3F3A;H3F3B_S28	strict_site	True	55231	0.3483510315418243	55231	1	55231	0.3483510315418243	55231	55231	log1p_tsb_umi	11	41	55231	0.3483510315418243
gse300551_iccite_plex_kinase_2025	intra_BHM03_NRF2PhoS40	NFE2L2_S40	NFE2L2_S40	47	NFE2L2	S40	NFE2L2_S40	strict_site	True	55231	0.4661479294300079	55231	1	55231	0.4661479294300079	55231	55231	log1p_tsb_umi	12	42	55231	0.4661479294300079
gse300551_iccite_plex_kinase_2025	intra_phospho-Akt_Ser473_D9E	AKT_S473	AKT_S473	48	AKT1;AKT2;AKT3	S473	AKT1;AKT2;AKT3_S473	strict_site	True	55231	0.308065265417099	55229	1	55231	0.308065265417099	55229	55231	log1p_tsb_umi	13	43	55231	0.308065265417099
gse300551_iccite_plex_kinase_2025	intra_phospho-4E-BP1_Thr37_46_236B4	EIF4EBP1_T37_T46	EIF4EBP1_T37_T46	49	EIF4EBP1	T37;T46	EIF4EBP1_T37;T46	strict_site	True	55231	0.6232333183288574	54711	1	55231	0.6232333183288574	54711	55231	log1p_tsb_umi	14	44	55231	0.6232333183288574
gse300551_iccite_plex_kinase_2025	intra_B1097_anti-STAT6_Phospho_Tyr641	STAT6_Y641	STAT6_Y641	50	STAT6	Y641	STAT6_Y641	strict_site	True	55231	0.3281674385070801	55231	1	55231	0.3281674385070801	55231	55231	log1p_tsb_umi	15	45	55231	0.3281674385070801
gse300551_iccite_plex_kinase_2025	intra_B1100_anti-ZAP70_Phospho_Tyr493	ZAP70_Y493	ZAP70_Y493	51	ZAP70	Y493	ZAP70_Y493	strict_site	True	55231	0.314010888338089	54562	1	55231	0.314010888338089	54562	55231	log1p_tsb_umi	16	46	55231	0.314010888338089
gse300551_iccite_plex_kinase_2025	intra_B1101_anti-Lck_Phospho_Tyr505	LCK_Y505	LCK_Y505	52	LCK	Y505	LCK_Y505	strict_site	True	55231	0.2845971882343292	55194	1	55231	0.2845971882343292	55194	55231	log1p_tsb_umi	17	47	55231	0.2845971882343292
gse300551_iccite_plex_kinase_2025	intra_B1110_anti-STAT5A_Phospho_Tyr694	STAT5A_Y694	STAT5A_Y694	53	STAT5A	Y694	STAT5A_Y694	strict_site	True	55231	0.3433320522308349	54938	1	55231	0.3433320522308349	54938	55231	log1p_tsb_umi	18	48	55231	0.3433320522308349
gse300551_iccite_plex_kinase_2025	intra_PLCg1_Phospho_Tyr783	PLCG1_Y783	PLCG1_Y783	54	PLCG1	Y783	PLCG1_Y783	strict_site	True	55231	0.2559591233730316	55210	1	55231	0.2559591233730316	55210	55231	log1p_tsb_umi	19	49	55231	0.2559591233730316
